id,title
950396,The Gorge
1126166,Flight Risk
1064213,Anora
762509,Mufasa: The Lion King
1241982,Moana 2
939243,Sonic the Hedgehog 3
822119,Captain America: Brave New World
823219,Flow
927342,Amaran
426889,Le Clitoris
696506,Mickey 17
926670,Henry Danger: The Movie
1084199,Companion
1160956,Panda Plan
912649,Venom: The Last Dance
539972,Kraven the Hunter
558449,Gladiator II
1405338,Demon City
933260,The Substance
1188104,The X-Treme Riders
1064486,Memoir of a Snail
774370,Dog Man
1226406,Love Hurts
1140535,Presence
1357633,Solo Leveling -ReAwakening-
549509,The Brutalist
1249289,Alarum
974576,Conclave
1294203,My Fault: London
1230208,Squad 36
1356039,Counterattack
402431,Wicked
1201012,Dhoom Dhaam
1184918,The Wild Robot
519182,Despicable Me 4
1138749,The Island
993710,Back in Action
1410082,Sniper: The Last Stand
533535,Deadpool & Wolverine
661539,A Complete Unknown
1035048,Elevation
1022789,Inside Out 2
1164355,Lembayung
516729,Paddington in Peru
811941,Devara : Part 1
1001274,Night Call
845781,Red One
974453,Absolution
1010581,My Fault
426063,Nosferatu
383634,Carmen 1945
1247019,Death Whisperer 2
839033,The Lord of the Rings: The War of the Rohirrim
1255788,The Gardener
980477,Ne Zha 2
1352774,Piglet
85,Raiders of the Lost Ark
411,"The Chronicles of Narnia: The Lion, the Witch and the Wardrobe"
710295,Wolf Man
1156593,Your Fault
1422179,The Wrong Track
573435,Bad Boys: Ride or Die
1147416,"Miraculous World, London: At the Edge of Time"
808,Shrek
1043905,Dirty Angels
1118031,Apocalypse Z: The Beginning of the End
1124620,The Monkey
1195506,Novocaine
299536,Avengers: Infinity War
1124142,The Rivals of Amziah King
921436,Escape
1275788,The Home
1006724,Dead Talents Society
510657,Wellwood
995926,"I, the Executioner"
1327593,Footsteps
1399215,THE RETURN OF IVAN
1411248,A Dunces Burden
1421971,The Tallest Dwarf
1416099,Uvalde Mom
1429616,Iliza Shlesinger: A Different Animal
717196,Niko: Beyond the Northern Lights
1439250,Broadway’s Leading Ladies
1440935,Umm
1441003,KLLR: 108.7
259872,Skin. Like. Sun.
1441594,The Sleeper. El Caravaggio perdido
1097549,Babygirl
838681,Going Places
1440170,NXT Roadblock 2025
945961,Alien: Romulus
970450,Werewolves
157336,Interstellar
1309027,Last Take: Rust and the Story of Halyna
1233575,Black Bag
1389406,Qian Tang River
1434539,Insomnia District
385687,Fast X
1438233,Tod am Rennsteig - Haus der Toten
1252014,Half Moon
1431544,Stella Rose
1441190,Fascinació Mútua
1440717,Buster!
12236,Speed Zone
1309898,Robyn Zabukovec Presents
1359892,Ago
1252309,Ask Me What You Want
777443,The Electric State
135348,Tabu
1114894,Star Trek: Section 31
1100782,Smile 2
799766,Better Man
1422033,The Infinite Husk
693134,Dune: Part Two
1203329,The Witcher: Sirens of the Deep
10192,Shrek Forever After
1000837,I'm Still Here
974950,Emilia Pérez
1034541,Terrifier 3
1029235,Azrael
1241752,Rita
698687,Transformers One
324568,Delinquent in Drag
1099413,The Rogue's Trial
936621,Sex Game 6969
597,Titanic
1138194,Heretic
1081012,Aftermath
809,Shrek 2
238,The Godfather
1426142,Sosyal Climbers
278,The Shawshank Redemption
1005331,Carry-On
120,The Lord of the Rings: The Fellowship of the Ring
829557,365 Days: This Day
671,Harry Potter and the Philosopher's Stone
1302916,Heart Eyes
1104390,Anatema
1222064,River of Blood
1280672,One of Them Days
929204,Wallace & Gromit: Vengeance Most Fowl
58008,Night Nurse
1249013,Jugaremos en el bosque
249578,Tabu
1357459,Tatsulok: Tatlo Magkasalo
7451,xXx
978796,Bagman
76600,Avatar: The Way of Water
957119,Sidelined: The QB and Me
155,The Dark Knight
1272149,Bridget Jones: Mad About the Boy
810,Shrek the Third
1104845,Plankton: The Movie
1011985,Kung Fu Panda 4
1051896,Arcadian
850920,The Parenting
24428,The Avengers
335984,Blade Runner 2049
198663,The Maze Runner
1241320,Kingdom IV: Return of the Great General
950387,A Minecraft Movie
447273,Snow White
604685,Den of Thieves 2: Pantera
1293263,The Curse of the Necklace
675353,Sonic the Hedgehog 2
361743,Top Gun: Maverick
1216662,Somebody
791042,Levels
257094,Holland
1433071,ZEROBASEONE THE FIRST TOUR [TIMELESS WORLD] IN CINEMAS
1430968,Idiotka
1084353,Chinatown Cookout
1214130,Stitch Head
1063873,Queen Mom
1106560,Breath
1435269,I'm Carl Lewis!
1437485,Copiapó
1434812,Les Chialeux
1432368,Estranged
1260485,Last One Closes the Door
1416331,Mechanisms
1418350,Hojo
1003504,We Will Go
1274751,Blue Sun Palace
1402698,Lilim
1294174,Offshoring
1301346,The Wolves
1319629,Resort Paraiso
1324389,SLON
1292367,Dadaşlar Belgeseli
1157270,The Sun Will Rise
1167416,Sunday
1147710,Hijack 1971
1275245,Savanna and the Mountain
122,The Lord of the Rings: The Return of the King
1442532,Malagkit
1017066,Heaven in Hell
653346,Kingdom of the Planet of the Apes
634649,Spider-Man: No Way Home
1078600,Marked Men: Rule + Shaw
1013850,A Real Pain
1216191,Oddity
502356,The Super Mario Bros. Movie
1426674,A Copenhagen Love Story
786892,Furiosa: A Mad Max Saga
1159311,My Hero Academia: You're Next
592695,Pleasure
1235623,Eye for an Eye 2
569094,Spider-Man: Across the Spider-Verse
27205,Inception
1339206,The Surrender
1196470,Survive
748783,The Garfield Movie
218,The Terminator
714675,The American
823464,Godzilla x Kong: The New Empire
61108,Emmanuelle 6
1431355,Connection
1424781,I Am Living Proof
1212855,Fight or Flight
1433368,Ascending Beyond Shadows
1421973,Arrest the Midwife
1154538,Nirvanna the Band the Show the Movie
1182387,Armor
872585,Oppenheimer
795514,The Fallout
1426058,O Mother Gaia: The World of Gary Snyder
1422600,Strange Journey: The Story of Rocky Horror
496243,Parasite
1440943,Alias Julián
1420767,Murewa
421892,Shrek 5
19995,Avatar
1318917,Chasing the Wind
615453,Ne Zha
1432028,Dillans Night In
667538,Transformers: Rise of the Beasts
674,Harry Potter and the Goblet of Fire
603692,John Wick: Chapter 4
8587,The Lion King
1299372,The Wailing
27449,Baby Face
672,Harry Potter and the Chamber of Secrets
1441635,Solitude Collective
1269732,The Legend of Condor Hero: What is Love
346698,Barbie
1116490,Cash Out
420818,The Lion King
797271,Counterattack
98,Gladiator
1433593,El hilo rojo
1114926,The Good Half
14836,Coraline
271110,Captain America: Civil War
438631,Dune
1084736,The Count of Monte Cristo
244786,Whiplash
507086,Jurassic World Dominion
26389,From Paris with Love
585,"Monsters, Inc."
22,Pirates of the Caribbean: The Curse of the Black Pearl
315162,Puss in Boots: The Last Wish
1442276,AEW Revolution: Zero Hour
150540,Inside Out
944401,Dogman
51482,Death Note Relight 1: Visions of a God
1395724,Chijin no Ai
767,Harry Potter and the Half-Blood Prince
1303236,GATAO: Like Father Like Son
1129598,Prey
1064028,Subservience
862,Toy Story
216015,Fifty Shades of Grey
1167898,Straight
639720,IF
1028196,Nickel Boys
228150,Fury
587727,Busty Girlfriend
603,The Matrix
106646,The Wolf of Wall Street
1434053,Girl Meets Boy
2062,Ratatouille
550,Fight Club
1442393,Remnants
454626,Sonic the Hedgehog
1000075,The Price of Money: A Largo Winch Adventure
957452,The Crow
1276945,Ferry 2
863,Toy Story 2
1221404,Crayon Shin-chan the Movie: Our Dinosaur Diary
177572,Big Hero 6
114,Pretty Woman
680,Pulp Fiction
675,Harry Potter and the Order of the Phoenix
354912,Coco
826937,Sister-in-law's Taste 2
1323784,Bad Influence
673,Harry Potter and the Prisoner of Azkaban
55685,To Be Twenty
1202479,Opus
1197306,A Working Man
969492,Land of Bad
1125510,The Platform 2
299534,Avengers: Endgame
122917,The Hobbit: The Battle of the Five Armies
460229,Kiss and Kill
1244361,Operation Undead
592983,Spellbound
1226578,Longlegs
1171153,Köln 75
1271724,Man and Woman
1216571,June and John
1429788,Nightmare
1437237,Gioco pericoloso
1269298,The Fulcrum
1440639,Last will
1437438,Once Upon a Time in School 2: The Last Guardian
1434291,The Long Run
1429784,Singsot: Siulan Kematian
1442764,Epílogo
1438502,Kozha: New adventure
1438208,Blind Vacation
1432795,"Luv Ya, Bum!"
1428262,Mystery Island: Winner Takes All
1442388,Bukan Jodoh Biasa Nih
1442386,Uwentira: Kota Jin
1438696,Laia
1435275,24 Hours of Grace
1438546,Angler
1435766,Dans l'Ombre de Marlow
1434414,Available Light
1432965,Maybe…
1077281,Couples to Hell
1422072,"Der Prank - April, April!"
1421001,Последний день рождения
1043808,Vitória
1422081,Sterben ohne Gott
1412392,Samar: Diam Atau Mati
1286663,Control Freak
1404172,Sandbag Dam
1400932,Youth Eternal
1384565,Anjila
1376834,There is a Hausen Everywhere
1353002,What We Wrote Together
1182088,The Best Friend
1317096,Mulu Nakru
929590,Civil War
1130863,Belle
575264,Mission: Impossible - Dead Reckoning Part One
1127648,Bonjour Tristesse
1119820,The Return from the Other Planet
447365,Guardians of the Galaxy Vol. 3
588228,The Tomorrow War
762441,A Quiet Place: Day One
8966,Twilight
976573,Elemental
581528,"The Gangster, the Cop, the Devil"
792307,Poor Things
1443262,The Curtain of Emotions
1443135,The Final Possession
1442827,Welcome Home Freckles
1297860,Inheritance
505642,Black Panther: Wakanda Forever
40108,Emmanuelle: Queen of Sados
1228681,Sex
9502,Kung Fu Panda
866398,The Beekeeper
414906,The Batman
121,The Lord of the Rings: The Two Towers
11,Star Wars
1212142,Kinda Pregnant
109445,Frozen
12445,Harry Potter and the Deathly Hallows: Part 2
324544,In the Lost Lands
829560,The Next 365 Days
384798,Kill Command
156022,The Equalizer
1122418,This Time Next Year
16869,Inglourious Basterds
38,Eternal Sunshine of the Spotless Mind
564140,Cold Feet
1311031,Demon Slayer: Kimetsu no Yaiba Infinity Castle
557,Spider-Man
1726,Iron Man
1209130,Hagen
38757,Tangled
141213,Riot in a Women's Prison
18785,The Hangover
13,Forrest Gump
940551,Migration
138843,The Conjuring
568124,Encanto
324857,Spider-Man: Into the Spider-Verse
12444,Harry Potter and the Deathly Hallows: Part 1
453395,Doctor Strange in the Multiverse of Madness
1607,A Bronx Tale
801335,Girl in the Basement
637649,Wrath of Man
726139,Project Silence
1299652,Watchmen: Chapter II
41446,Scream 4
387824,Mom's Friend
365177,Borderlands
68555,Death Note Relight 2: L's Successors
337167,Fifty Shades Freed
1425200,Umjolo: There Is No Cure
566525,Shang-Chi and the Legend of the Ten Rings
1079091,It Ends with Us
1014505,OVERLORD: The Sacred Kingdom
578,Jaws
1354627,SpongeBob Squarepants: Kreepaway Kamp
82023,Hotel Desire
475557,Joker
1171640,GTMAX
1167271,Weekend in Taipei
1294084,Touken Ranbu Kai: Douden Chikashi Haberau Monora
1278101,Big World
105,Back to the Future
205596,The Imitation Game
240,The Godfather Part II
1029281,Strange Darling
10138,Iron Man 2
843527,The Idea of You
99861,Avengers: Age of Ultron
1247597,Salve Maria
1100856,Whisper of the Witch
1111873,Abigail
315635,Spider-Man: Homecoming
335983,Venom
322,Mystic River
11036,The Notebook
150689,Cinderella
424,Schindler's List
372058,Your Name.
58,Pirates of the Caribbean: Dead Man's Chest
791373,Zack Snyder's Justice League
953,Madagascar
799583,The Ministry of Ungentlemanly Warfare
1430955,Reflections in a Raindrop: A Student Film
11324,Shutter Island
425,Ice Age
396535,Train to Busan
370663,Below Her Mouth
1127674,Forbidden City
575265,Mission: Impossible - The Final Reckoning
1333100,Attack on Titan: THE LAST ATTACK
940721,Godzilla Minus One
490132,Green Book
718821,Twisters
807,Se7en
1371727,Sing: Thriller
1124641,Classified
1151949,The Shadow Strays
129,Spirited Away
572802,Aquaman and the Lost Kingdom
210577,Gone Girl
1180417,The Dutchman
1288229,Forge
995803,Arena Wars
1275332,Girls on Wire
767901,Hearts of Darkness: The Making of the Final Friday
982116,Butthole Surfers: The Hole Truth and Nothing Butt
78383,Nurse 3-D
1297446,Slanted
1303498,$POSITIONS
1304800,The Lion King at the Hollywood Bowl
1340110,Redux Redux
1307397,Always Have Always Will
1088514,The Room Next Door
1418290,The Reluctant Royal
250754,Woman Temptation
497,The Green Mile
1408248,Squid Game: Fireplace
321612,Beauty and the Beast
1422096,Good Boy
1324198,Blood on My Hands
1330232,Reeling
1422117,For Worse
1422004,Bunny
131631,The Hunger Games: Mockingjay - Part 1
1422052,Descendent
1422037,We Are Storror
1232449,Young Hearts
1330747,Odyssey
1215020,American Sweatshop
1071646,My First of May
1421990,The Baltimorons
1435149,Alpentod - Ein Bergland-Krimi - Gemeinsame Ziele
1422120,Mermaid
1417675,Brother Verses Brother
1383580,Surviving Earth
1422008,Fucktoys
1422013,Outerlands
1385169,Rumpelstiltskin
1366118,Better When You're Dancing
1214667,Making Squid Game: The Challenge
1422029,Shuffle
1424802,Blurred Lines
1422628,Seen and Heard
1422101,Glorious Summer
1422038,Ghost Boy
1421977,Fantasy Life
1422478,Ways of Knowing: A Navajo Nuclear History
1422625,Starman
1422048,New Jack Fury
1422027,Remaining Native
1416914,Nervous Energy
242,The Godfather Part III
1421979,The Python Hunt
1422596,Take No Prisoners
630,The Wizard of Oz
1422031,The Spies Among Us
1075789,The Ballad of Davy Crockett
1422108,Forever We Are Young
1422105,The Makings of Curtis Mayfield
1422028,The Secret of Me
1422017,My Uncle Jens
1422632,Now! More! Yes!
1422039,Night Fight
1422168,Randy as Himself
1430137,Baba I'm Fine
1440471,The Cancer Card
1404380,Saptha Kandam
1251517,Real Faces
1439875,Эффект хамелеона
1439863,Tehran Another View
257344,Pixels
1422626,Spreadsheet Champions
1436763,Sacra Lunaria
976734,Canary Black
1422107,Salsa Lives
1422112,42nd Street
1435267,American Sons
1439235,More of a Beer Girl
76341,Mad Max: Fury Road
940139,Here
1724,The Incredible Hulk
1865,Pirates of the Caribbean: On Stranger Tides
348893,Boyka: Undisputed IV
6479,I Am Legend
313893,E N V O Y
1441183,North Station
10020,Beauty and the Beast
12,Finding Nemo
1439560,Father Brown
167830,Incontri proibiti
1211472,September 5
38365,Grown Ups
28468,The Key
1072790,Anyone But You
1393069,The Most Beautiful Girl in the World
1242372,Escape from the 21st Century
755679,Fast X: Part 2
508883,The Boy and the Heron
505292,Youthful Older Sister
24,Kill Bill: Vol. 1
38575,The Karate Kid
1414687,Damned on the run
889737,Joker: Folie à Deux
838443,Fire on the Plain
1144962,Transmorphers: Mech Beasts
18239,The Twilight Saga: New Moon
10674,Mulan
324786,Hacksaw Ridge
1104844,BLUE LOCK THE MOVIE -EPISODE NAGI-
1023915,2073
11224,Cinderella
1205656,Hallow Road
787699,Wonka
1278263,The Seed of the Sacred Fig
1361622,Honeymoon Crasher
1367518,Maria: Silent Hill 2 Fan-Short Film
985939,Fall
545611,Everything Everywhere All at Once
45233,Women's Prison Massacre
269149,Zootopia
72784,The Loft
1123278,Lazareth
514593,You Should Have Left
285,Pirates of the Caribbean: At World's End
1079485,Winnie-the-Pooh: Blood and Honey 2
1435760,Andrew Schulz: LIFE
857,Saving Private Ryan
1397347,Saturday Night's Main Event XXXVII
293660,Deadpool
1442619,Katalyuska Looking For Love
1442609,A Man I'm Attracted To
1442594,Substitution
1442586,The Last Day of Winter
1442555,Ghost
1442546,Screensaver
1442536,Quiet!
1442517,Idk Wtf
449443,Den of Thieves
298618,The Flash
284054,Black Panther
1043565,Mindcage
288987,That Malicious Age
68726,Pacific Rim
851644,20th Century Girl
1224993,Dark Nuns
447277,The Little Mermaid
615,The Passion of the Christ
436969,The Suicide Squad
48650,Room in Rome
537915,After
135397,Jurassic World
232672,Blended
140607,Star Wars: The Force Awakens
10191,How to Train Your Dragon
615656,Meg 2: The Trench
489,Good Will Hunting
974262,Descendants: The Rise of Red
1252377,La Dolce Villa
1260594,Sumala
1319968,Millers in Marriage
458156,John Wick: Chapter 3 - Parabellum
938614,Late Night with the Devil
772,Home Alone 2: Lost in New York
8856,The Karate Kid Part II
253350,The Cousin
359410,Road House
987686,A Family Affair
214756,Ted 2
1147400,"Miraculous World: Paris, Tales of Shadybug and Claw Noir"
1204892,Picture This
11970,Hercules
72190,World War Z
11688,The Emperor's New Groove
1100099,We Live in Time
68828,Outlanders
1013601,The Alto Knights
1257369,The Curse
753342,Napoleon
10193,Toy Story 3
398818,Call Me by Your Name
1155281,Creation of the Gods II: Demon Force
4348,Pride & Prejudice
50619,The Twilight Saga: Breaking Dawn - Part 1
1401586,Sonic the Hedgehog 4
296096,Me Before You
1412113,Squid Game: Making Season 2
1124,The Prestige
350,The Devil Wears Prada
87101,Terminator Genisys
1422166,The Age of Disclosure
1443287,Quando Elas Se Movimentam
173129,The Golden Lotus: Love and Desire
109418,Grown Ups 2
1442538,Elevator Lady
1442417,A Murder in Oakland: Beauty is Deadly
1440144,La deuda
1419826,The World Will Tremble
1443244,Dicen por ahí
1443177,Mulheres no Pódio
1443044,Aborcja. Polski paradoks
1443002,Maadan Kodai Vizha
1442908,The Singers
1442854,I'm the Most Racist Person I Know
1441567,Warden
1440087,Скрити в мрака
1441571,Delicate matter
1439254,Terre Rouge - Topographie du poète
1438217,TNA Sacrifice 2025
1437979,Prisoners of Fire
1439614,Cinextdoor presentéiert: Marginal
1439459,Mindscapes
1433811,Cold Read
1436684,Imperfect Me
1436683,And Then How He Told the Horse Mackerel
1436458,Sujip
1436456,All In
1436450,A Lifelike Fairy Tale
1433908,Surprise
1433906,After Death Do Us Part
1433900,Here I Remain
1433872,Herman 2
1433862,Wolves in the Trenches
1433860,The Buried River
1433838,Grin
1433831,Grimace
1433802,Grinners
1433574,Tall Girl
1433881,They Watch
1433836,Stalker
1433813,Sister's Keeper
1431744,Battle King!! Map of The Mind Part 2
976576,Emmanuelle
1432101,müssen müssen
1431328,Cereal Bowl
1428780,Last Resort
1428541,Machine de rêve
1425892,STEP OUT
1424217,Court - State Vs. A Nobody
1426337,Fleeting
1424565,Down We Go
1424352,Taympers
1424103,Checkmate
1423093,Tafers Code
1422471,Dexter
1422235,Let's Go Somewhere Else
1421781,Alleine (+1)
1421053,A Girl & Her Guard Dog
1275248,Sister Midnight
1417677,Bill Burr: Drop Dead Years
1416501,DNA
4935,Howl's Moving Castle
1412646,Kesari Veer
1399896,Art Attack! The Dissection of Terrifier 3
882569,Guy Ritchie's The Covenant
996821,You're Cordially Invited
1386047,My Partners
1380415,The Last Supper
1371370,Skarlett
1220028,Beginning of a New Era
1208803,The Regulars
1429299,With You in the Future
1203524,Penguin Girl
877817,Wolfs
1013482,Borderline
1339790,"Cupcakes, Lonely Cats"
1322218,Mononoke the Movie: The Ashes of Rage
10195,Thor
1330596,The Enemy's Gift
1326693,Wujek foliarz
1000085,Morlaix
800367,The Actor
1306707,I Don't Like It Here
1306284,Wolfgang (Extraordinari)
1149167,High Rollers
1144417,Alakshye Ritwik
10625,Mean Girls
1294376,Meanwhile
607141,Be Happy
1001311,Under Paris
635302,Demon Slayer -Kimetsu no Yaiba- The Movie: Mugen Train
429617,Spider-Man: Far From Home
1291321,Sweet Heart
345887,The Equalizer 2
1144932,Queen of the Ring
926393,The Equalizer 3
348,Alien
273481,Sicario
1435907,RGB
170,28 Days Later
507089,Five Nights at Freddy's
546554,Knives Out
9806,The Incredibles
50620,The Twilight Saga: Breaking Dawn - Part 2
1208491,Zak & Wowo: The Legend of Lendarys
8456,Never Back Down
20352,Despicable Me
98566,Teenage Mutant Ninja Turtles
1278099,El Candidato Honesto
280,Terminator 2: Judgment Day
146233,Prisoners
447332,A Quiet Place
974250,Greedy People
395817,The Thicket
1443663,Os Infanticidas
1443487,Малай
1443470,Moiras
1443387,The Goals of August
1443378,Sculpted Souls
1443369,Kick-Off
1443322,Bull's Heart
345940,The Meg
763215,Damsel
12153,White Chicks
270946,Penguins of Madagascar
283995,Guardians of the Galaxy Vol. 2
1331375,Dominique
588648,Dragonkeeper
102651,Maleficent
73861,A Serbian Film
983507,Good Boy
5492,Gunner
1003596,Avengers: Doomsday
59068,Sister Emanuelle
141052,Justice League
49051,The Hobbit: An Unexpected Journey
1734,The Mummy Returns
37165,The Truman Show
917496,Beetlejuice Beetlejuice
259693,The Conjuring 2
11770,Shaolin Soccer
1443736,Hat Trick
1443699,Shy Woman
1443685,سبب وجودي
1196943,Chhaava
652,Troy
14160,Up
198184,Chappie
9732,The Lion King II: Simba's Pride
400535,Sicario: Day of the Soldado
746036,The Fall Guy
127748,The Lady Medic
384018,Fast & Furious Presents: Hobbs & Shaw
313369,La La Land
615173,The Witch: Part 2. The Other One
10198,The Princess and the Frog
173705,Female Teacher: In Front of the Students
1214481,Love Forever
1291559,Drawing Closer
284052,Doctor Strange
758336,Love Again
640,Catch Me If You Can
1402,The Pursuit of Happyness
341174,Fifty Shades Darker
868759,Ghosted
299054,Expend4bles
10144,The Little Mermaid
968051,The Nun II
9480,Daredevil
1222248,Number 24
335,Once Upon a Time in the West
769,GoodFellas
91314,Transformers: Age of Extinction
32657,Percy Jackson & the Olympians: The Lightning Thief
242582,Nightcrawler
118,Charlie and the Chocolate Factory
12155,Alice in Wonderland
197158,Porno
1154215,Elyas
1425617,Another You
707610,Bosomy Mom
70410,The Public Woman
1234821,Jurassic World Rebirth
580489,Venom: Let There Be Carnage
559,Spider-Man 3
82702,How to Train Your Dragon 2
934632,Rebel Moon - Part Two: The Scargiver
561,Constantine
818647,Through My Window
601796,Alienoid
260346,Taken 3
88907,Hot Chili
11544,Lilo & Stitch
10527,Madagascar: Escape 2 Africa
189,Sin City: A Dame to Kill For
1253003,Marching Powder
1129508,Escape from Germany
272,Batman Begins
209112,Batman v Superman: Dawn of Justice
111,Scarface
351286,Jurassic World: Fallen Kingdom
181808,Star Wars: The Last Jedi
292610,Ladies' Doctor
408,Snow White and the Seven Dwarfs
37141,The Babysitter
24021,The Twilight Saga: Eclipse
429,"The Good, the Bad and the Ugly"
18240,The Proposal
966719,Kisi Ka Bhai... Kisi Ki Jaan
10681,WALL·E
194662,Birdman or (The Unexpected Virtue of Ignorance)
1041613,Immaculate
284053,Thor: Ragnarok
1379520,Rule Breakers
496450,"Miraculous: Ladybug & Cat Noir, The Movie"
466272,Once Upon a Time... in Hollywood
493529,Dungeons & Dragons: Honor Among Thieves
333339,Ready Player One
298094,Hidden Desire
882598,Smile
974573,Another Simple Favor
197786,The Amorous Sisters
49026,The Dark Knight Rises
1422211,The Pursuit of Lust
47933,Independence Day: Resurgence
4922,The Curious Case of Benjamin Button
49013,Cars 2
1302151,Mesa de regalos
3563,I Now Pronounce You Chuck & Larry
881415,Love Me
1339772,Pengantin Setan
262500,Insurgent
679,Aliens
1114513,Speak No Evil
389,12 Angry Men
9919,How to Lose a Guy in 10 Days
57214,Project X
893723,PAW Patrol: The Mighty Movie
1312157,CrazyMinded
67395,L.E.T.H.A.L. Ladies: Return to Savage Beach
38321,Priest
1087822,Hellboy: The Crooked Man
191295,The Amorous Lotus Pan
270303,It Follows
423,The Pianist
260514,Cars 3
12665,Powder
9820,The Parent Trap
1949,Zodiac
263115,Logan
293863,The Age of Adaline
1212742,The Rule of Jenny Pen
44214,Black Swan
57158,The Hobbit: The Desolation of Smaug
157350,Divergent
116236,Crazy Desire
14574,The Boy in the Striped Pyjamas
1032823,Trap
507241,The Killer's Game
801688,Kalki 2898-AD
4011,Beetlejuice
15212,Species: The Awakening
1215185,Undercover
335787,Uncharted
11635,Old School
616446,Brothers
181812,Star Wars: The Rise of Skywalker
1225624,On Falling
1106739,Juror #2
181533,Night at the Museum: Secret of the Tomb
848326,Rebel Moon - Part One: A Child of Fire
481871,Mother's Job
8392,My Neighbor Totoro
663712,Terrifier 2
343611,Jack Reacher: Never Go Back
1299314,후배부부와 교환섹스 2
50014,The Help
399579,Alita: Battle Angel
670,Oldboy
1422877,Miss Italia Mustn't Die
840705,Blink Twice
281338,War for the Planet of the Apes
274855,Geostorm
324552,John Wick: Chapter 2
1422,The Departed
68721,Iron Man 3
1139566,Through My Window 3: Looking at You
1022796,Wish
812,Aladdin
62211,Monsters University
758323,The Pope's Exorcist
1219158,Lover
50270,Paprika
56386,SS Experiment Love Camp
637,Life Is Beautiful
77338,The Intouchables
437342,The First Omen
1127166,The Tearsmith
138832,We're the Millers
102382,The Amazing Spider-Man 2
497698,Black Widow
1038263,Maria
28209,Emmanuelle: The Joys of a Woman
45243,The Hangover Part II
423108,The Conjuring: The Devil Made Me Do It
646097,Rebel Ridge
100402,Captain America: The Winter Soldier
197,Braveheart
508442,Soul
273477,Scouts Guide to the Zombie Apocalypse
126889,Alien: Covenant
75780,Jack Reacher
227159,Horrible Bosses 2
147441,Exodus: Gods and Kings
353081,Mission: Impossible - Fallout
527774,Raya and the Last Dragon
351523,Purpose of Reunion
1026436,Miller's Girl
1930,The Amazing Spider-Man
420634,Terrifier
937393,Bloat
438695,Sing 2
1182047,The Apprentice
1355320,Revenge
294254,Maze Runner: The Scorch Trials
694,The Shining
5879,In the Realm of the Senses
1029575,The Family Plan
370172,No Time to Die
76757,Jupiter Ascending
46195,Rio
1083782,Seven Veils
247136,The Temptation of Kimono
106,Predator
24049,Sivaji: The Boss
47971,xXx: Return of Xander Cage
184345,A Haunted House 2
13183,Watchmen
1135303,The Senior
228967,The Interview
39254,Real Steel
831815,Saving Bikini Bottom: The Sandy Cheeks Movie
81774,Exploits of a Young Don Juan
1495,Kingdom of Heaven
1094974,Take Cover
975324,Afternoons of Solitude
1049286,Twiggy
1287717,Do Not Enter
1147546,The Diplomat
1164614,We're All Gonna Die
937278,A Man Called Otto
744,Top Gun
1393676,Kingston
1293285,Guns of Redemption
9297,Monster House
205587,The Judge
923667,Twilight of the Warriors: Walled In
14411,Sinbad: Legend of the Seven Seas
1284120,The Ugly Stepsister
942955,Aalambana
1341515,Subscribe for More
1096197,No Way Up
1282774,Magic Hour
1285669,LifeHack
1241748,Kalikot
1123042,Address
1137860,Pédalo
1305042,A Bathroom of One's Own
57800,Ice Age: Continental Drift
993708,The Threesome
1304457,Beautiful!
1304047,"Oskar, Patka i Złoto Bałtyku"
1075794,Leo
166428,How to Train Your Dragon: The Hidden World
1324887,They Can't All Be Winners
1323488,Let Us Descend
1337631,ASCO: Without Permission
1327148,Misie
1428646,Place to place
1354736,"True Love, For Once in My Life"
1419229,Silent Zone
2501,The Bourne Identity
1362347,Keytar Bear
332562,A Star Is Born
848826,Vodi
439079,The Nun
254128,San Andreas
1086260,The Astronaut
1377676,Sudden Outbursts of Emotions
1093537,Adhirshtasaali
1234743,Stationed at Home
857598,Pushpa 2 - The Rule
1390983,Dark Frequency
1384736,The Last Prayer
1422019,Assembly
1242705,One More Shot
1235945,The Dog
592831,Megalopolis
1265014,RED
1433321,The Corpse
1380895,Sweetness
1421993,The True Beauty of Being Bitten by a Tick
1420498,Love Island
1422121,Caper
1414850,Kama
1422074,Are We Good?
934433,Scream VI
1431271,Niram Marum Ulagil
1422119,I Really Love My Husband
1422011,It Ends
1400510,The Man Who Wanted Everything
1265341,Kirtaner Por Kirtan
1439936,A Scam Called Love
10882,Sleeping Beauty
1431043,Gentlewoman
1421974,Creede U.S.A.
1416886,The Take-Out
1422631,Other Side
1421805,Spirit Pandemic Phase 32
3933,Corpse Bride
1424950,The Doom Busters
1422639,Deepfaking Sam Altman
1422634,Flight 149: Hostage Of War
1109255,Parthenope
1047373,The Silent Hour
61979,Three Steps Above Heaven
1439367,Asthram
1437273,Manidham
1432018,Conspiracy Theories with Quin
1414202,Ikimono no kiroku
1422638,Deeper
1422637,Dear Tomorrow
1421811,Honto Ni Atta! Noroi No Video 110
1431188,Децата на Бендида
1430197,Worm-ance
1426480,LuElla’s Quilt
1422627,Snow Leopard Sisters
1433326,Maqam
1426452,Memento Mori
728949,Nightbitch
1437221,TACHÉE
1431022,STATIC!
1430181,The Walker
1430167,A Tortoise Called Pumpkin Spice
1430153,That’s My House
1429808,Tail of Two Rivers
1428765,Recall
1428666,A Quarter Life Crisis
1426985,The Oliver Theory
1426980,Occupied
1426448,The Magic Hour
1426439,Leave a Message
1430188,Warp Weft Water Weeds
1430170,Urgent Sea
1429116,Recompense
1428638,Pity Party
1427007,Para Paty
460458,Resident Evil: Welcome to Raccoon City
8961,Bad Boys II
1440108,Wilmer X - när tiden stannar
1440085,PLAVE 'Dash' in Cinema
435,The Day After Tomorrow
1211483,Skal: Fight for Survival
1440762,Hanging by a Thread
1440741,Tomutonttu
330457,Frozen II
476669,The King's Man
1579,Apocalypto
949716,Vidaamuyarchi
1066262,The Convert
82690,Wreck-It Ralph
1427,Perfume: The Story of a Murderer
1441179,Lina
5175,Rush Hour 2
77,Memento
1215162,Kill 'em All 2
405873,Seifuku niku dorei
1441869,Bedtime Stories: Apartment 52
1441587,Lanetli Kitap
1441461,Kolektor
38700,Bad Boys for Life
568620,Snake Eyes: G.I. Joe Origins
239241,Female Ninjas Magic Chronicles 2: Secret of the Christian Bells
166426,Pirates of the Caribbean: Dead Men Tell No Tales
27098,All Things Fair
695721,The Hunger Games: The Ballad of Songbirds & Snakes
639857,The Absence of Eden
650058,The Tinderbox Against the Magic Well
1245332,Limbo
68728,Oz the Great and Powerful
752,V for Vendetta
280996,Mr. Holmes
22705,Cheeky
947891,My Old Ass
773736,TINA
1008042,Talk to Me
1325482,Death Before the Wedding
168259,Furious 7
73723,The Lorax
1329336,The Bad Guys: Haunted Heist
37135,Tarzan
980489,Gran Turismo
493922,Hereditary
773543,Fib the Truth
508947,Turning Red
137113,Edge of Tomorrow
1426486,Chaos: The Manson Murders
500,Reservoir Dogs
1063877,Don't Move
290098,The Handmaiden
508943,Luca
258947,Deadly Virtues: Love. Honour. Obey.
1442778,Nikka Zaildar 4
1442672,Conversation with Two Lovers
1442630,"This is Yakutiya, Baby"
1442627,"Second Hands, They’re for the Hugging"
1442625,New Port
1442613,Moirai
1442599,Absence Of
1442543,Glass of Warm Milk
1442506,Bereket
1442433,Tikur Engida
207,Dead Poets Society
1018,Mulholland Drive
8681,Taken
524434,Eternals
1232493,No Other Land
529203,The Croods: A New Age
154400,The Drop
162,Edward Scissorhands
1389038,Mickey and the Very Many Christmases
254470,Pitch Perfect 2
196867,Annie
11397,Not Another Teen Movie
1771,Captain America: The First Avenger
127585,X-Men: Days of Future Past
40339,Private House of the SS
1443148,Наша Russia. 8 марта
1443094,Tank Fantasy
1442851,Rewinding Dominoes
110415,Snowpiercer
646385,Scream
225886,Sex Tape
24402,Emmanuelle
976893,Perfect Days
7485,Shooter
1418287,Royal-ish
1429886,We Beat the Dream Team
916192,"The Tunnel to Summer, the Exit of Goodbyes"
1276210,Last Stop: Rocafort St.
1154304,Buffalo Kids
609681,The Marvels
383498,Deadpool 2
37799,The Social Network
814889,Never Let Go
564,The Mummy
937287,Challengers
112160,Sexual Chronicles of a French Family
2251,Unfaithful
101,Léon: The Professional
87584,Celebrity Sex Tape
900667,One Piece Film Red
615777,Babylon
317442,The Last: Naruto the Movie
265208,Wild Card
100042,Dumb and Dumber To
88104,Emmanuelle in Space 3: A Lesson in Love
329865,Arrival
337404,Cruella
510,One Flew Over the Cuckoo's Nest
204082,Homefront
87,Indiana Jones and the Temple of Doom
713704,Evil Dead Rise
1209290,Justice League: Crisis on Infinite Earths Part Three
1155095,The Moor
1181863,Animal Adventures: Save The Forest
616037,Thor: Love and Thunder
188222,Entourage
68718,Django Unchained
988078,Through My Window: Across the Sea
297762,Wonder Woman
2105,American Pie
697843,Extraction 2
9837,The Prince of Egypt
9470,Kung Fu Hustle
359724,Ford v Ferrari
311324,The Great Wall
901362,Trolls Band Together
447665,Kickboxer: Retaliation
795774,All Eyes Off Me
78,Blade Runner
438148,Minions: The Rise of Gru
335988,Transformers: The Last Knight
634492,Madame Web
256961,Paul Blart: Mall Cop 2
302946,The Accountant
119450,Dawn of the Planet of the Apes
158852,Tomorrowland
186622,Women
68737,Seventh Son
629,The Usual Suspects
1263421,Baki Hanma VS Kengan Ashura
299537,Captain Marvel
339403,Baby Driver
4909,The Day of the Jackal
473924,Reunion Goals: The Beginning
375834,"It's Called 'Murder', Baby"
8467,Dumb and Dumber
331482,Little Women
9602,Coming to America
765897,The Unbreakable Boy
395992,Life
169917,A Walk Among the Tombstones
1300607,Los dos hemisferios de Lucca
15255,Undisputed II: Last Man Standing
427641,Rampage
255343,Escobar: Paradise Lost
11713,Fist of Fury
585083,Hotel Transylvania: Transformania
297,Meet Joe Black
11836,The SpongeBob SquarePants Movie
1082195,The Order
281957,The Revenant
393,Kill Bill: Vol. 2
32292,Guinea Pig: Mermaid in the Manhole
9471,Charlie's Angels: Full Throttle
670292,The Creator
1186532,The Forge
1443247,"I'm Not Crying, You're Crying"
1443238,Nunami: là où le vent chante
1443075,UFC Fight Night 254: Vettori vs. Dolidze 2
1442308,Urtajo
1441712,PÉPÉ
1440185,"Jone, batzuetan"
1407861,The Bayou
1192174,The Kite
1443551,Alchemy of the Word
1437515,"Please, Don’t Cry"
1427653,Departures
1423299,Mother at Sixty
1423295,Nanay's Frankenstein
1426343,Neverwhen
1424897,Sidelines
1420492,Jenuh Eksistensialisme
1420234,Reincarnation
1418112,Beneath The Tall Tree's Gaze
1411411,A Day
1048241,My Spy The Eternal City
103,Taxi Driver
1404722,"Liar, Liar, Love is on Fire"
134374,Pain & Gain
1399893,Dead-Weight
1239251,Megamind vs. the Doom Syndicate
1160018,Kill
955916,Lift
87428,That's My Boy
244506,Camp X-Ray
194,Amélie
1368096,Vodu Between two worlds
1047884,Family Matters
1359744,Myself Two Seconds to Cry
1340727,Afterwards
36879,The Beast in Heat
1325495,The Escape
254904,The November Man
1315476,Paradiso
238636,The Purge: Anarchy
6844,The Ten Commandments
1443366,10 Things We Haven’t Done Before Graduating
50546,Just Go with It
1286773,The Metropolitan Opera: Fidelio
185698,Double Rope Torture
1084863,The Soul Eater
307081,Southpaw
72105,Ted
259316,Fantastic Beasts and Where to Find Them
1073381,清宫性史2之后宫姦情
7131,Van Helsing
303857,Dragon Ball Z: Resurrection 'F'
854,The Mask
381289,A Dog's Purpose
1210794,Trouble
1087891,The Amateur
502235,Purpose of Reunion 3
184315,Hercules
207703,Kingsman: The Secret Service
218043,Left Behind
52886,Castaway
766507,Prey
89971,The Forbidden
826510,Harold and the Purple Crayon
653,Nosferatu
335977,Indiana Jones and the Dial of Destiny
217,Indiana Jones and the Kingdom of the Crystal Skull
1130053,Cinderella's Curse
244761,The Captive
2109,Rush Hour
118249,Thriller Night
311,Once Upon a Time in America
955555,The Roundup: No Way Out
1927,Hulk
240832,Lucy
698508,Redeeming Love
378064,A Silent Voice: The Movie
38055,Megamind
9487,A Bug's Life
604,The Matrix Reloaded
381284,Hidden Figures
725201,The Gray Man
1354441,La hacienda: El regreso de los malditos
49521,Man of Steel
286217,The Martian
62177,Brave
1154223,Hunting With Tigers
1885,The Karate Kid
1885,The Karate Kid
744275,After We Fell
241554,Run All Night
1062807,SPY x FAMILY CODE: White
337401,Mulan
9757,Norbit
1418522,Delicious
300668,Annihilation
704239,The Union
142,Brokeback Mountain
1359,American Psycho
5559,Bee Movie
390845,A Delicious Flight
6977,No Country for Old Men
2048,"I, Robot"
1227088,The Stress is Killing Me
972614,Knox Goes Away
210860,Mortdecai
855,Black Hawk Down
949484,Hounds of War
10528,Sherlock Holmes
161,Ocean's Eleven
1086747,The Watchers
28322,Madness
8358,Cast Away
116149,Paddington
574982,The Blackout
554600,Uri: The Surgical Strike
175112,Tinker Bell and the Pirate Fairy
192558,Aashiqui 2
838209,Exhuma
338953,Fantastic Beasts: The Secrets of Dumbledore
415,Batman & Robin
193893,Let's Be Cops
185,A Clockwork Orange
1581,The Holiday
260513,Incredibles 2
1265,Bridge to Terabithia
238615,Self/less
512200,Jumanji: The Next Level
677179,Creed III
1425816,Barbie & Teresa: Recipe for Friendship
102899,Ant-Man
36557,Casino Royale
76338,Thor: The Dark World
871,Planet of the Apes
420817,Aladdin
271718,Trainwreck
252838,The Wedding Ringer
74,War of the Worlds
334074,Survivor
820525,After Everything
101299,The Hunger Games: Catching Fire
745,The Sixth Sense
466420,Killers of the Flower Moon
136835,No Good Deed
97697,Come Play with Me
627,Trainspotting
131634,The Hunger Games: Mockingjay - Part 2
644,A.I. Artificial Intelligence
239563,St. Vincent
949,Heat
718930,Bullet Train
62,2001: A Space Odyssey
251,Ghost
287424,Maggie
318256,Hot Girls Wanted
310131,The Witch
141,Donnie Darko
760104,X
4951,10 Things I Hate About You
464889,Sniper: Ultimate Kill
381288,Split
2300,Space Jam
562,Die Hard
243688,Poltergeist
984324,The Wages of Fear
277547,Playing It Cool
762430,Retribution
209244,Are You Here
209244,Are You Here
1366,Rocky
702936,Sniper: Assassin's End
57224,Bio Hunter
207933,Stonehearst Asylum
204922,Before I Go to Sleep
613504,After We Collided
840326,Sisu
747,Shaun of the Dead
10184,He's Just Not That Into You
62835,Colombiana
840430,The Holdovers
284276,Cake
201088,Blackhat
922806,Sorairo Utility
60747,Red Dawn
1426408,Larissa: The Other Side of Anitta
242512,Ouija
44833,Battleship
293167,Kong: Skull Island
10591,The Girl Next Door
992940,The Critic
318846,The Big Short
35,The Simpsons Movie
770,Gone with the Wind
474350,It Chapter Two
56292,Mission: Impossible - Ghost Protocol
567604,Once Upon a Deadpool
739405,Operation Fortune: Ruse de Guerre
17654,District 9
273248,The Hateful Eight
9291,The Longest Yard
972533,Last Breath
235,Stand by Me
1444253,You're on Your Own
1444194,Ratman Goes to Therapy
1444011,Life As Movie
1443993,England’s Lions: The New Generation
1443989,The King Rise Again
1443966,How Was Your Weekend?
1443933,Mother of Dawn
1443907,"We'll Laugh in the End, No Matter What"
360778,Female Ninjas Magic Chronicles 4: Rebel Forces at the Threshold
262543,Automata
241254,The Prince
152601,Her
856289,Creation of the Gods I: Kingdom of Storms
339846,Baywatch
9479,The Nightmare Before Christmas
289720,Outcast
284289,Beyond the Reach
241239,A Most Violent Year
19912,The Final Destination
307663,Vice
278924,Mechanic: Resurrection
259611,Frontera
209189,Life of Crime
567811,10 Lives
75656,Now You See Me
181283,Child 44
624860,The Matrix Resurrections
290764,Tracers
464052,Wonder Woman 1984
375016,Vanessa
337339,The Fate of the Furious
4247,Scary Movie
614933,Atlas
286532,A Merry Friggin' Christmas
453,A Beautiful Mind
466282,To All the Boys I've Loved Before
93456,Despicable Me 2
27582,The Mechanic
10515,Castle in the Sky
1145491,Operation Black Ops
676547,Prey for the Devil
616,The Last Samurai
4232,Scream
967847,Ghostbusters: Frozen Empire
9325,The Jungle Book
1102493,Small Things Like These
1050035,Monster
541671,From the World of John Wick: Ballerina
340382,Attack on Titan II: End of the World
401478,Death Race: Beyond Anarchy
544401,Cherry
591,The Da Vinci Code
149,Akira
1893,Star Wars: Episode I - The Phantom Menace
264859,Six Swedish Girls in Alps
440,Aliens vs Predator: Requiem
329505,Lola's Secret
593643,The Menu
190859,American Sniper
226674,The Adolescent
115,The Big Lebowski
1191815,The American Backyard
800513,The Great Lillian Hall
884605,No Hard Feelings
310,Bruce Almighty
9552,The Exorcist
14161,2012
81188,Rise of the Guardians
607,Men in Black
2649,The Game
10112,The Aristocats
390043,The Hitman's Bodyguard
246655,X-Men: Apocalypse
927,Gremlins
44896,Rango
329,Jurassic Park
335797,Sing
9352,EuroTrip
1012201,HAIKYU!! The Dumpster Battle
9737,Bad Boys
34433,Dragon Ball Z: Broly - The Legendary Super Saiyan
605,The Matrix Revolutions
70981,Prometheus
126963,Dragon Ball Z: Battle of Gods
10331,Night of the Living Dead
644124,Dampyr
644124,Dampyr
8355,Ice Age: Dawn of the Dinosaurs
37136,The Naked Gun: From the Files of Police Squad!
11329,Runaway Jury
530915,1917
565,The Ring
10393,The Replacements
20662,Robin Hood
1422227,Aşk Sadece Bir An
2454,The Chronicles of Narnia: Prince Caspian
49046,All Quiet on the Western Front
592,The Conversation
10140,The Chronicles of Narnia: The Voyage of the Dawn Treader
1359888,Like There Is No Tomorrow
1895,Star Wars: Episode III - Revenge of the Sith
316029,The Greatest Showman
249397,Nymphomaniac: Vol. II
744276,After Ever Happy
1176128,Santa Isn't Real
594767,Shazam! Fury of the Gods
787,Mr. & Mrs. Smith
81005,Jack the Giant Slayer
399055,The Shape of Water
565770,Blue Beetle
372049,My Friend's Wife
1217876,Ellie and the Monster Team
954,Mission: Impossible
137,Groundhog Day
324558,X-Rated: The Greatest Adult Movies of All Time
645757,That Christmas
533,Wallace & Gromit: The Curse of the Were-Rabbit
467244,The Zone of Interest
10607,Don't Be a Menace to South Central While Drinking Your Juice in the Hood
459151,The Boss Baby: Family Business
153104,Wicked Minds
347201,Boruto: Naruto the Movie
59440,Warrior
291805,Now You See Me 2
301528,Toy Story 4
9836,Happy Feet
346648,Paddington 2
581,Dances with Wolves
18,The Fifth Element
1165466,Wake Up
567609,Ready or Not
10501,The Road to El Dorado
598,City of God
619979,Deep Water
89,Indiana Jones and the Last Crusade
37137,The Naked Gun 2½: The Smell of Fear
819,Sleepers
73,American History X
14347,Blame It on Rio
263472,Knock Knock
20982,Naruto Shippuden the Movie
11423,Memories of Murder
9323,Ghost in the Shell
336843,Maze Runner: The Death Cure
13053,Bolt
1388694,The Calendar Killer
63,Twelve Monkeys
762975,Purple Hearts
49444,Kung Fu Panda 2
539,Psycho
107,Snatch
1200801,F Marry Kill
399566,Godzilla vs. Kong
524,Casino
419430,Get Out
8363,Superbad
1271,300
38234,Undisputed III: Redemption
13186,Wrong Turn 2: Dead End
109439,The Hangover Part III
567,Rear Window
1059128,Queer
2770,American Pie 2
1384027,Spit
2502,The Bourne Supremacy
7347,Elite Squad
600,Full Metal Jacket
5915,Into the Wild
1049574,Darkness of Man
1026227,There's Still Tomorrow
254,King Kong
117,The Untouchables
1251875,Uma Advogada Brilhante
441168,From Straight A's to XXX
5689,The Blue Lagoon
12092,Alice in Wonderland
1138518,Setan Botak di Jembatan Ancol
975511,The Return
1208808,Turno nocturno
10315,Fantastic Mr. Fox
1207898,The Jack in the Box Rises
16161,Baby Boy
563,Starship Troopers
1094556,The Thundermans Return
343668,Kingsman: The Golden Circle
28,Apocalypse Now
28,Apocalypse Now
7214,Coach Carter
1061699,The Six Triple Eight
4248,Scary Movie 2
19173,Diary of a Nymphomaniac
534,Terminator Salvation
641934,Am I OK?
275,Fargo
70006,Never Back Down 2: The Beatdown
64690,Drive
22803,Law Abiding Citizen
19913,(500) Days of Summer
938,For a Few Dollars More
19994,Jennifer's Body
1238358,The Bad Shepherd
785542,The Outrun
588555,My Grandfather's Demons
960139,The House
949423,Pearl
14324,Virgin Territory
12429,Ponyo
621,Grease
8077,Alien³
856,Who Framed Roger Rabbit
663558,New Gods: Nezha Reborn
452251,Beauty Salon: Special Service
60304,Hansel & Gretel: Witch Hunters
137051,Midnight Matinee
1313003,Close To Me
755,From Dusk Till Dawn
425909,Ghostbusters: Afterlife
942890,House of Darkness
515001,Jojo Rabbit
1134433,Death Whisperer
23823,Wrong Turn 3: Left for Dead
80321,Madagascar 3: Europe's Most Wanted
13223,Gran Torino
14,American Beauty
640146,Ant-Man and the Wasp: Quantumania
1127083,Desa Mati The Movie
675445,PAW Patrol: The Movie
1136349,Summer Illusion
3558,"Girl, Interrupted"
1010600,The Strangers: Chapter 1
406759,Moonfall
339964,Valerian and the City of a Thousand Planets
897087,Freelance
530385,Midsommar
10024,My Sister's Keeper
913290,Barbarian
187,Sin City
1417,Pan's Labyrinth
577922,Tenet
451048,Jungle Cruise
300671,13 Hours: The Secret Soldiers of Benghazi
22538,Scott Pilgrim vs. the World
1369,Rambo: First Blood Part II
1372141,Will You Marry Monk?
87827,Life of Pi
57539,The Pariah
57539,The Pariah
1427111,Junstone Year One
1417502,Los Rechazados
9366,Donnie Brasco
68734,Argo
11969,Tombstone
1933,The Others
426,Vertigo
1292032,Misteri Rumah Darah
845659,Perfect Addiction
1275731,Clair de Lune
373571,Godzilla: King of the Monsters
970347,The Killer
1134424,Mantra Warrior: The Legend of The Eight Moons
1813,The Devil's Advocate
239,Some Like It Hot
1214522,Every Little Thing
829058,Jabang Mayit
1301012,Stranger
646380,Don't Look Up
9738,Fantastic Four
1091,The Thing
1308178,Sisterqueens
10386,The Iron Giant
1326059,Pimpinero: Blood and Oil
1158290,Patrol
76163,The Expendables 2
3981,What Women Want
1371874,Psyche
756999,The Black Phone
518068,Along with the Gods: The Last 49 Days
1361638,My Melbourne
345,Eyes Wide Shut
333371,10 Cloverfield Lane
1572,Die Hard: With a Vengeance
787752,Fresh
34851,Predators
23483,Kick-Ass
847258,Il migliore dei mali
1404401,Arwah Sinden
1260853,Rodnina
59967,Looper
39108,Dragon Ball Z: Wrath of the Dragon
974635,Hit Man
4233,Scream 2
1433735,Loco por ella
1382056,Царевна-лягушка
9532,Final Destination
1386806,Ethel
883124,Malqueridas
508439,Onward
9072,Little Man
1430144,Love is Blind: Sweden: After the Altar
1264841,Притворись моим мужем
2503,The Bourne Ultimatum
1405391,Half Moon
1562,28 Weeks Later
1426272,The Players
1262690,"Дорогая, я больше не перезвоню"
1420371,Мой парень - Айдол!
1273676,One Good Day
1429907,The Art of Destruction
177677,Mission: Impossible - Rogue Nation
71676,Ghost Rider: Spirit of Vengeance
1433758,Zhen
964980,Air
124905,Godzilla
10364,Catch-22
1438838,An instant
1433745,I'll Get Back to You
1433398,The Film-makers
1433396,Protection Line
1433392,Some of You May Have Heard of Me
1372,Blood Diamond
1437802,All Hail the Duck King
1436346,Dear Flesh
290250,The Nice Guys
1436344,TTT (Tᄐト)
49047,Gravity
33,Unforgiven
1304408,I'm Not a Nobody
1440909,Second Souffle
364,Batman Returns
527641,Five Feet Apart
45269,The King's Speech
1419181,Arroba Amor
9016,Treasure Planet
1429223,Ice Cream
95,Armageddon
228326,The Book of Life
9705,Swordfish
128,Princess Mononoke
120467,The Grand Budapest Hotel
655,"Paris, Texas"
392044,Murder on the Orient Express
1687,Escape from the Planet of the Apes
1442191,Lampie
1442089,Opera National de Paris: Carmen
931944,The Devil's Bath
283366,Miss Peregrine's Home for Peculiar Children
64688,21 Jump Street
829,Chinatown
2059,National Treasure
1306764,Outside
1632,Mississippi Burning
1442631,La última luz
959092,Mayhem!
193641,Adultery Italian Style
37724,Skyfall
1412583,Online Selling
10530,Pocahontas
289,Casablanca
122906,About Time
948,Halloween
1255192,Funmilayo Ransome-Kuti
70,Million Dollar Baby
377,A Nightmare on Elm Street
614930,Teenage Mutant Ninja Turtles: Mutant Mayhem
19404,Dilwale Dulhania Le Jayenge
914215,Humane
296,Terminator 3: Rise of the Machines
125509,Wrong Turn 5: Bloodlines
1954,The Butterfly Effect
1075676,Uprising
13194,Highlander: The Search for Vengeance
412092,Mom's Friend 2
17979,A Christmas Carol
187017,22 Jump Street
10895,Pinocchio
841,Dune
762,Monty Python and the Holy Grail
9567,Tears of the Sun
1252428,Anaconda
1209217,Case Closed: The Million-Dollar Pentagram
601,E.T. the Extra-Terrestrial
10543,Fear
1174618,Alice in Terrorland
991610,Invasion
8273,American Wedding
1173558,Burning Betrayal
10009,Brother Bear
176,Saw
1443294,They Will Love Me Now
8095,Cleopatra
1584,School of Rock
13475,Star Trek
11247,A Cinderella Story
96721,Rush
420809,Maleficent: Mistress of Evil
526896,Morbius
75612,Oblivion
1268,Mr. Bean's Holiday
348350,Solo: A Star Wars Story
49530,In Time
399121,An Officer and a Spy
2019,Hard Target
7345,There Will Be Blood
59436,Midnight in Paris
417859,Puss in Boots
76726,Chronicle
57165,Wrath of the Titans
286687,Love Lesson
208542,Emanuelle - A Woman from a Hot Country
711978,Bosomy Mom 2
516486,Greyhound
1230477,Given the Movie: Hiiragi Mix
11013,Secretary
61791,Rise of the Planet of the Apes
412117,The Secret Life of Pets 2
27578,The Expendables
550988,Free Guy
15512,Monsters vs Aliens
1443594,Moře na dvoře
14199,The Adventures of Sharkboy and Lavagirl
1016848,The Front Room
810693,Jujutsu Kaisen 0
433,Mary Poppins
928,Gremlins 2: The New Batch
65055,Shark Night 3D
505026,Death on the Nile
163,Ocean's Twelve
20526,TRON: Legacy
1621,Trading Places
1087192,How to Train Your Dragon
602,Independence Day
220289,Coherence
804616,Something in the Water
14869,G.I. Joe: The Rise of Cobra
1443652,Hasselager Hunchback
1443631,Spin The Bottle
1443626,Vendo Mi Arte
1443469,WiO
1443383,Supernatural
90,Beverly Hills Cop
916224,Suzume
608,Men in Black II
1062215,Afraid
140300,Kung Fu Panda 3
45933,The Nurse on a Military Tour
9495,The Crow
869291,Cuckoo
332672,Obsession
1197619,Lost on a Mountain in Maine
933131,Badland Hunters
497582,Enola Holmes
1637,Speed
704673,Trigger Warning
965150,Aftersun
979,Irreversible
339692,Shot Caller
184,Jackie Brown
83533,Avatar: Fire and Ash
72559,G.I. Joe: Retaliation
1593,Night at the Museum
9802,The Rock
820530,Dakaichi: I'm Being Harassed by the Sexiest Man of the Year—The Movie: In Spain
47931,Elite Squad: The Enemy Within
1311550,House of Ga'a
9387,Conan the Barbarian
915935,Anatomy of a Fall
915935,Anatomy of a Fall
398978,The Irishman
799379,Project Wolf Hunting
26123,American Pie Presents: The Book of Love
287947,Shazam!
60308,Moneyball
7340,Carrie
6114,Bram Stoker's Dracula
509,Notting Hill
959604,Beating Hearts
1155828,Sing Sing
686,Contact
1398,Stalker
589754,The Last Warrior: Root of Evil
11631,Mamma Mia!
180,Minority Report
832964,Lee
989662,A Different Man
877703,Teen Wolf: The Movie
9023,Spirit: Stallion of the Cimarron
9741,Unbreakable
1541,Thelma & Louise
2322,Sneakers
804095,The Fabelmans
869,Planet of the Apes
391,A Fistful of Dollars
298,Ocean's Thirteen
583,Life of Brian
400155,Hotel Transylvania 3: Summer Vacation
72545,Journey 2: The Mysterious Island
950,Ice Age: The Meltdown
1037113,Snack Shack
45612,Source Code
951491,Saw X
423502,My Friend's Mom
956,Mission: Impossible III
3131,Gangs of New York
28178,Hachi: A Dog's Tale
3170,Bambi
8277,American Pie Presents: Beta House
19908,Zombieland
1041317,Battle for the Western Front
638507,How to Train Your Dragon: Homecoming
178809,The Colony
966220,Sniper: The White Raven
2667,The Blair Witch Project
81,Nausicaä of the Valley of the Wind
206487,Predestination
843,In the Mood for Love
1145758,Birder
375846,Bad Sister
1374,Rocky IV
424783,Bumblebee
11253,Hellboy II: The Golden Army
534171,Purpose of Reunion 2
363088,Ant-Man and the Wasp
49519,The Croods
520763,A Quiet Place Part II
10634,Friday
9398,Zoolander
9398,Zoolander
8078,Alien Resurrection
8413,Event Horizon
102783,The 15 Year Old Girl
473033,Uncut Gems
10585,Child's Play
83542,Cloud Atlas
9693,Children of Men
1244492,Look Back
1047041,Detective Conan: Black Iron Submarine
37686,Super 8
168672,American Hustle
36647,Blade
1685,Beneath the Planet of the Apes
492188,Marriage Story
593395,Diabolik
782,Gattaca
1830,Lord of War
242224,The Babadook
522627,The Gentlemen
353491,The Dark Tower
74465,We Bought a Zoo
11220,Fallen Angels
10555,Shark Tale
1442915,Bet
153,Lost in Translation
1443480,Der geräderte Mensch
1440083,Marciano García
1439526,Full Out
1439514,The Phalanx
1439509,Songs Overheard in the Shadows
1438267,Gamad Machmad 4
50646,"Crazy, Stupid, Love."
676,Pearl Harbor
41154,Men in Black 3
13448,Angels & Demons
858017,I Saw the TV Glow
920,Cars
7443,Chicken Run
537996,The Ballad of Buster Scruggs
295830,Attack on Titan
590223,Love and Monsters
585511,Luck
339967,Colossal
39876,Rape! 13th Hour
18823,Clash of the Titans
213646,Don't Stop My Crazy Love for You
619264,The Platform
23168,The Town
1979,Fantastic Four: Rise of the Silver Surfer
49049,Dredd
7446,Tropic Thunder
2011,Persepolis
9659,Mad Max
545609,Extraction
431,Cube
268,Batman
1016147,Housemate's Wife
1924,Superman
308266,War Dogs
172956,Erotic Dream of the Red Chamber
10545,The Hunchback of Notre Dame
924,Dawn of the Dead
103663,The Hunt
299687,The 5th Wave
274857,King Arthur: Legend of the Sword
10068,Nine 1/2 Weeks
7326,Juno
4234,Scream 3
277,Underworld
71552,American Reunion
297270,Tinker Bell and the Legend of the NeverBeast
123338,Sex and Zen III
76617,Texas Chainsaw 3D
22970,The Cabin in the Woods
10340,Lady and the Tramp
587,Big Fish
400928,Gifted
312221,Creed
615457,Nobody
1023922,MaXXXine
252,Willy Wonka & the Chocolate Factory
581726,Infinite
1040,The Leopard
11774,Lemony Snicket's A Series of Unfortunate Events
628,Interview with the Vampire
661374,Glass Onion: A Knives Out Mystery
49529,John Carter
195589,Neighbors
87826,Here Comes the Boom
986056,Thunderbolts*
68724,Elysium
8689,Cannibal Holocaust
82703,Mr. Peabody & Sherman
1250,Ghost Rider
1217483,Treasure Hunters: On The Tracks Of Khufu
666277,Past Lives
9477,King Arthur
861,Total Recall
9078,The Sword in the Stone
138103,The Expendables 3
46738,Incendies
9340,The Goonies
18491,Neon Genesis Evangelion: The End of Evangelion
75174,The Grey
49524,R.I.P.D.
4518,Elizabeth
634,Bridget Jones's Diary
2164,Stargate
105864,The Good Dinosaur
1266,Street Kings
700391,65
1020006,Priscilla
1688,Conquest of the Planet of the Apes
1029955,Kinds of Kindness
945729,A Haunting in Venice
483906,Polar
441701,Veronica
379686,Space Jam: A New Legacy
116745,The Secret Life of Walter Mitty
116745,The Secret Life of Walter Mitty
17578,The Adventures of Tintin
105825,Erotic Ghost Story III
76203,12 Years a Slave
404368,Ralph Breaks the Internet
114150,Pitch Perfect
12162,The Hurt Locker
829051,About My Father
320288,Dark Phoenix
22794,Cloudy with a Chance of Meatballs
508,Love Actually
86331,Desire
10494,Perfect Blue
9444,Anastasia
8367,Robin Hood: Prince of Thieves
136799,Trolls
2118,L.A. Confidential
227156,The Giver
87421,Riddick
580116,The Rape
514847,The Hunt
500682,The Highwaymen
13811,Knowing
8871,How the Grinch Stole Christmas
1443,The Virgin Suicides
774752,The Guardians of the Galaxy Holiday Special
1076487,Warhorse One
4523,Enchanted
1397854,The Love Scam
399174,Isle of Dogs
647245,Reagan
8643,The Exorcism of Emily Rose
460465,Mortal Kombat
414,Batman Forever
531219,Roald Dahl's The Witches
10764,Quantum of Solace
1444230,One Year Later
1444197,Snaketown- Early Indian Farmers Conquer the Arizona Desert
1444150,"Jim, Jim & Morrison"
1444140,Cameron James: Bangers
1444127,Junto de Você
1444099,Becoming Strong with Andrey
1444087,The Bottle
1444061,The Misfit
1443972,Study of Self In Motion
1443824,The Knocking Inside
1158996,Souleymane's Story
316727,The Purge: Election Year
664,Twister
12230,One Hundred and One Dalmatians
500664,Upgrade
820,JFK
51540,Horrible Bosses
3049,Ace Ventura: Pet Detective
762504,Nope
555604,Guillermo del Toro's Pinocchio
941,Lethal Weapon
158011,The Call
1072342,Night Swim
34016,She's Out of My League
5176,3:10 to Yuma
4638,Hot Fuzz
2642,Two Weeks Notice
2907,The Addams Family
388,Inside Man
495764,Birds of Prey (and the Fantabulous Emancipation of One Harley Quinn)
86834,Noah
23827,Paranormal Activity
522938,Rambo: Last Blood
10096,13 Going on 30
257211,The Intern
11360,Dumbo
957314,The Passenger
360776,Female Ninjas Magic Chronicles 3: Sacred Book of Sexual Positions
8488,Hitch
7191,Cloverfield
620,Ghostbusters
7555,Rambo
1061474,Superman
1624,Liar Liar
1038392,The Conjuring: Last Rites
10693,Peter Pan
631842,Knock at the Cabin
333484,The Magnificent Seven
44115,127 Hours
8329,[REC]
1272,Sunshine
838240,Robot Dreams
72808,The Flesh
11619,Flushed Away
899082,Harry Potter 20th Anniversary: Return to Hogwarts
27022,The Sorcerer's Apprentice
11778,The Deer Hunter
594,The Terminal
54138,Star Trek Into Darkness
146,"Crouching Tiger, Hidden Dragon"
8275,American Pie Presents: The Naked Mile
76492,Hotel Transylvania
1152014,A Little Something Extra
2756,The Abyss
794,The Omen
5548,RoboCop
55779,Final Destination 5
1267,Meet the Robinsons
1355755,An Almost Christmas Story
1261501,Ad Vitam
109414,This Is the End
1571,Live Free or Die Hard
639933,The Northman
5503,The Fugitive
531428,Portrait of a Lady on Fire
9377,Ferris Bueller's Day Off
568160,Weathering with You
188927,Star Trek Beyond
1538,Collateral
496,Borat: Cultural Learnings of America for Make Benefit Glorious Nation of Kazakhstan
579974,RRR
480530,Creed II
36586,Blade II
630586,Wrong Turn
630586,Wrong Turn
429415,Extinction
374720,Dunkirk
660982,American Pie Presents: Girls' Rules
25237,Come and See
9509,Man on Fire
346364,It
8292,Four Brothers
34584,The NeverEnding Story
360920,The Grinch
14001,Dead Silence
930094,"Red, White & Royal Blue"
70349,Beauty and the Beast
40348,Black Emanuelle
9603,Clueless
121342,Giovannona Long-Thigh
63311,The Skin I Live In
1151534,Nowhere
1442755,Single Blind
614934,Elvis
948549,Love Lies Bleeding
1056360,American Fiction
462183,Wild Awakening
245891,John Wick
10661,You Don't Mess with the Zohan
879,Hook
774825,The Ice Age Adventures of Buck Wild
45317,The Fighter
1487,Hellboy
710,GoldenEye
8835,Legally Blonde
4379,Monster-in-Law
693,Meet the Fockers
595,To Kill a Mockingbird
49517,Tinker Tailor Soldier Spy
445571,Game Night
4256,Scary Movie 3
1139829,Orion and the Dark
805,Rosemary's Baby
27,9 Songs
1226293,Salitan
2978,Ghostbusters II
1284004,May the 12th Be with You
824003,Diabolik - Who Are You?
302699,Central Intelligence
673593,Mean Girls
36648,Blade: Trinity
22843,Evangelion: 2.0 You Can (Not) Advance
97020,RoboCop
36231,Guinea Pig Part 4: Devil Doctor Woman
14069,The Girl Who Leapt Through Time
14128,Cinderella II: Dreams Come True
4553,The Machinist
2493,The Princess Bride
9349,Universal Soldier
26877,Naked Killer
1878,Fear and Loathing in Las Vegas
522681,Escape Room
9358,Final Destination 2
259018,Behaving Badly
259018,Behaving Badly
64682,The Great Gatsby
1443175,Breaking the Silence
788,Mrs. Doubtfire
11104,Chungking Express
2022,Mr. Deeds
525,The Blues Brothers
574475,Final Destination Bloodlines
7512,Idiocracy
2252,Eastern Promises
11430,The Lion King 1½
700,Octopussy
40132,Emanuelle and the White Slave Trade
346,Seven Samurai
340102,The New Mutants
48201,Mondo Magic
1232827,The Girl with the Needle
8698,The League of Extraordinary Gentlemen
7551,Déjà Vu
7299,Equilibrium
10483,Death Race
424694,Bohemian Rhapsody
353486,Jumanji: Welcome to the Jungle
242828,When Marnie Was There
158015,The Purge
8909,Wanted
97,Tron
2268,The Golden Compass
1141126,Rita
5825,National Lampoon's Christmas Vacation
835113,Woman of the Hour
454640,The Angry Birds Movie 2
50839,Margin Call
1389147,SDI: Secret Department of Intervention
585216,Escape Room: Tournament of Champions
488623,Forgotten
467938,Revenge
454983,The Kissing Booth
87818,Movie 43
277217,Descendants
277217,Descendants
118340,Guardians of the Galaxy
10719,Elf
137106,The Lego Movie
530254,The Witch: Part 1. The Subversion
250546,Annabelle
9801,Bridget Jones: The Edge of Reason
9679,Gone in Sixty Seconds
1010335,Shufu to Sei-seikatsu
1923,Twin Peaks: Fire Walk with Me
269509,The Canterville Ghost
68735,Warcraft
2666,Dark City
159824,Hotel Transylvania 2
672322,Rurouni Kenshin: The Beginning
9428,The Royal Tenenbaums
1142518,Freedom
261023,Black Mass
4347,Atonement
754,Face/Off
276907,Legend
75258,Secret of the Wings
622,The Ninth Gate
2655,What Lies Beneath
1061990,City Hunter
6637,National Treasure: Book of Secrets
2899,Asterix & Obelix: Mission Cleopatra
860,WarGames
274854,The Last Witch Hunter
96,Beverly Hills Cop II
12101,Soylent Green
1991,Death Proof
151960,Planes
9593,Last Action Hero
820609,No One Will Save You
3597,I Know What You Did Last Summer
824,Moulin Rouge!
58574,Sherlock Holmes: A Game of Shadows
41439,Saw 3D
9798,Enemy of the State
58574,Sherlock Holmes: A Game of Shadows
41439,Saw 3D
9798,Enemy of the State
536554,M3GAN
1186947,Outlaw
88751,Journey to the Center of the Earth
4257,Scary Movie 4
27581,The Other Guys
932086,Horizon: An American Saga - Chapter 1
1705,Battle for the Planet of the Apes
1491,The Illusionist
796185,The Three Musketeers: D'Artagnan
456740,Hellboy
7980,The Lovely Bones
1184495,Joy
39538,Contagion
668,On Her Majesty's Secret Service
258230,A Monster Calls
492,Being John Malkovich
1120911,Saturday Night
4977,Paprika
330459,Rogue One: A Star Wars Story
1288998,1978
74643,The Artist
827931,Time Cut
459003,Mavka: The Forest Song
10229,A Walk to Remember
1578,Raging Bull
503919,The Lighthouse
13394,Shrek the Halls
6312,Brotherhood of the Wolf
378,Raising Arizona
1134754,172 Days
25195,Leap Year
748230,Salem's Lot
8247,Jumper
9654,The Italian Job
764,The Evil Dead
267935,The BFG
11351,Jeepers Creepers 2
254320,The Lobster
955,Mission: Impossible II
404,The Straight Story
253,Live and Let Die
1139817,Officer Black Belt
717930,Kandahar
403587,Return
581392,Peninsula
793,Blue Velvet
726209,Leave the World Behind
1429786,Algo Azul
82675,Taken 2
48171,The Rite
2675,Signs
309809,The Little Prince
454,Romeo + Juliet
387848,Buddy's Mom
123025,"Batman: The Dark Knight Returns, Part 1"
1094138,Jackpot!
1995,Lara Croft: Tomb Raider
1995,Lara Croft: Tomb Raider
648579,The Unbearable Weight of Massive Talent
9355,Mad Max Beyond Thunderdome
9339,Click
308531,Teenage Mutant Ninja Turtles: Out of the Shadows
1678,Godzilla
1103621,How to Make Millions Before Grandma Dies
1635,The Island
13313,Beauty and the Beast: The Enchanted Christmas
522402,Finch
250480,The Many Adventures of Winnie the Pooh
504608,Rocketman
48988,Hall Pass
11690,Bloodsport
1190868,V/H/S/Beyond
766475,See How They Run
792,Platoon
47570,Maid in Sweden
8321,In Bruges
985,Eraserhead
238713,Spy
896151,Blitz
20504,The Book of Eli
12222,Horton Hears a Who!
10778,The Man Who Wasn't There
719221,Tarot
21575,A Prophet
10766,Damien - Omen II
560016,Monkey Man
420814,Christopher Robin
10995,The Lover
568,Apollo 13
934506,A Real Job
11901,High Plains Drifter
152,Star Trek: The Motion Picture
280180,Beverly Hills Cop: Axel F
24584,Get Real
9362,Tremors
665,Ben-Hur
1008953,Incoming
524047,Greenland
5255,The Polar Express
66245,Arunachalam
629542,The Bad Guys
264660,Ex Machina
646683,The Exorcism
1573,Die Hard 2
10739,Anything Else
9032,Big Daddy
11237,Anacondas: The Hunt for the Blood Orchid
973912,Cocorico
804150,Cocaine Bear
9312,Mortal Kombat
1825,Over the Top
975,Paths of Glory
588,Silent Hill
77949,The Awakening
11679,xXx: State of the Union
617653,The Last Duel
44912,Green Lantern
36669,Die Another Day
10948,The Fox and the Hound
8872,Wayne's World
8055,The Reader
6947,The Village
646,Dr. No
290859,Terminator: Dark Fate
2108,The Breakfast Club
12405,Slumdog Millionaire
384521,The Cloverfield Paradox
7291,36th Precinct
473,Pi
1216780,Nadaaniyan
364433,They Call Me Jeeg
62214,Frankenweenie
4982,American Gangster
19899,Couples Retreat
15165,Barbie as The Princess & the Pauper
380,Rain Man
51052,Arthur Christmas
12138,3000 Miles to Graceland
10867,Malena
682,The Man with the Golden Gun
901563,Close
9286,Final Destination 3
75,Mars Attacks!
315837,Ghost in the Shell
1103,Escape from New York
16996,17 Again
6477,Alvin and the Chipmunks
813,Airplane!
38050,The Adjustment Bureau
1388874,Boss Ma'am
376660,The Edge of Seventeen
164,Breakfast at Tiffany's
14564,Rings
1547,The Lost Boys
930564,Saltburn
396422,Annabelle: Creation
11845,Intimacy
4964,Knocked Up
4032,My Girl
4258,Scary Movie 5
1000866,Marching Band
9994,The Great Mouse Detective
816,Austin Powers: International Man of Mystery
682507,Where the Crawdads Sing
487297,What Men Want
400160,The SpongeBob Movie: Sponge on the Run
512195,Red Notice
241259,Alice Through the Looking Glass
626289,O Filho do Homem
9381,Babylon A.D.
9594,Double Impact
2668,Sleepy Hollow
848538,Argylle
197796,Beauty and the Beast
11362,The Count of Monte Cristo
9928,Robots
547016,The Old Guard
547016,The Old Guard
501929,The Mitchells vs. the Machines
658,Goldfinger
65,8 Mile
118406,Road to Ninja: Naruto the Movie
707,A View to a Kill
1195631,William Tell
1022690,Ricky Stanicky
1948,Crank
394117,The Florida Project
68,Brazil
1100988,28 Years Later
274167,Daddy's Home
37233,The Firm
84348,V/H/S
16859,Kiki's Delivery Service
785084,The Whale
8960,Hancock
1640,Crash
1246,Rocky Balboa
15092,Crank: High Voltage
1701,Con Air
406,La Haine
1202565,No salgas
1155089,Justice League: Crisis on Infinite Earths Part One
6957,The 40 Year Old Virgin
460019,Truth or Dare
71672,Wrong Turn 4: Bloody Beginnings
881,A Few Good Men
287948,The Transporter Refueled
9399,Lionheart
2085,Romeo Must Die
117251,White House Down
1966,Alexander
560057,The Sea Beast
30959,Kwaidan
23437,A Nightmare on Elm Street
758,Murder Ahoy
1392117,Cooked
514999,Murder Mystery
9681,Casanova
1396,Mirror
807172,The Exorcist: Believer
10567,Dinosaur
9880,The Princess Diaries
13885,Sweeney Todd: The Demon Barber of Fleet Street
439,La Dolce Vita
227,The Outsiders
678512,Sound of Freedom
618588,Arthur the King
72976,Lincoln
1246596,The Walking Dead: The Return
667,You Only Live Twice
134,"O Brother, Where Art Thou?"
257445,Goosebumps
49849,Cowboys & Aliens
20760,Lilo & Stitch 2: Stitch Has a Glitch
10830,Matilda
477489,Just a Breath Away
149871,The Tale of The Princess Kaguya
33273,Cell 211
947,Lawrence of Arabia
997265,Rule 34
188161,A Million Ways to Die in the West
22832,Ninja Assassin
10802,Showgirls
340666,Nocturnal Animals
87825,Trouble with the Curve
1620,Hitman
765,Evil Dead II
296098,Bridge of Spies
631843,Old
82693,Silver Linings Playbook
30497,The Texas Chain Saw Massacre
9489,You've Got Mail
799155,Attack
726759,Tetris
522162,Midway
9476,A Knight's Tale
607397,Young Mom 2
455476,Knights of the Zodiac
359940,"Three Billboards Outside Ebbing, Missouri"
10402,Deuce Bigalow: Male Gigolo
9411,Fallen
796,Cruel Intentions
9614,Happy Gilmore
2034,Training Day
49018,Insidious
1669,The Hunt for Red October
508642,Gonjiam: Haunted Asylum
227973,The Peanuts Movie
10014,A Nightmare on Elm Street Part 2: Freddy's Revenge
4995,Boogie Nights
1691,Hostel: Part II
929563,Big City Greens the Movie: Spacecation
334541,Manchester by the Sea
88,Dirty Dancing
10673,Wall Street
1368,First Blood
256274,"As Above, So Below"
256274,"As Above, So Below"
609,Poltergeist
39514,RED
1907,The Beach
1018306,18 Year Old Hwa-jin's Crazy Sex
26466,Triangle
5174,Rush Hour 3
337170,American Made
228165,The SpongeBob Movie: Sponge Out of Water
9833,The Phantom of the Opera
1738,Next
1243381,Mary
9326,Romancing the Stone
11153,National Lampoon's Vacation
1252470,Sikandar Ka Muqaddar
760774,One Life
406990,What Happened to Monday
65759,Happy Feet Two
10601,Peter Pan
8920,Garfield
8920,Garfield
1407162,Sahbek Rajel
1094274,Y2K
277216,Straight Outta Compton
1585,It's a Wonderful Life
15,Citizen Kane
756,Fantasia
956842,Fly Me to the Moon
636706,Spaceman
18334,Guinea Pig: Devil's Experiment
10030,Good Luck Chuck
9360,Anaconda
395834,Wind River
109424,Captain Phillips
657,From Russia with Love
431580,Abominable
336746,Manhood
489999,Searching
18360,Night at the Museum: Battle of the Smithsonian
11357,Halloween 4: The Return of Michael Myers
10428,Hackers
1114738,Boneyard
597208,Nightmare Alley
583083,The Kissing Booth 2
391713,Lady Bird
44264,True Grit
9715,Hope Floats
8619,Master and Commander: The Far Side of the World
2112,Payback
39513,Paul
705861,Hustle
446893,Trolls World Tour
438674,Dragged Across Concrete
4564,Sex and the City
1185528,Legends of the Condor Heroes: The Gallants
1101448,Unstoppable
395991,Only the Brave
376867,Moonlight
132232,Mama
11886,Robin Hood
912480,Red Rooms
708,The Living Daylights
1180629,Kneecap
38810,Dogtooth
396371,Molly's Game
338766,Hell or High Water
1071215,Thanksgiving
11319,The Rescuers
8914,Deep Blue Sea
186,Lucky Number Slevin
26171,Everybody's Fine
5955,The Pledge
9522,Wedding Crashers
520758,Chicken Run: Dawn of the Nugget
446354,The Post
845111,The Three Musketeers: Milady
587807,Tom & Jerry
431693,Spies in Disguise
117263,Olympus Has Fallen
11322,Public Enemies
206647,Spectre
37707,Splice
814776,Bottoms
450465,Glass
79,Hero
1735,The Mummy: Tomb of the Dragon Emperor
11077,Problem Child
9361,The Last of the Mohicans
419743,Disobedience
1597,Meet the Parents
698,Moonraker
1057491,Naughty
80035,The Watch
9374,Death Becomes Her
712,Four Weddings and a Funeral
1016121,Beautiful Disaster
619803,The Roundup
82525,Savages
9493,Twins
818750,The In Between
818750,The In Between
779782,The School for Good and Evil
554596,"No manches, Frida 2: paraíso destruido"
11009,Saturday Night Fever
9481,The Bone Collector
207932,Inferno
138697,Don Jon
25376,The Secret in Their Eyes
13597,Labyrinth
10947,High School Musical
50723,Naruto Shippuden the Movie: The Lost Tower
41733,Due Date
36073,Guinea Pig Part 2: Flower of Flesh and Blood
674324,The Banshees of Inisherin
4148,Revolutionary Road
571,The Birds
1042834,Eden
748167,Uglies
509967,6 Underground
428078,Mortal Engines
397567,Along with the Gods: The Two Worlds
17680,The Girlfriend Experience
9313,The Man in the Iron Mask
278154,Ice Age: Collision Course
22947,Up in the Air
193610,The Other Woman
13510,Eden Lake
9426,The Fly
690957,Pushpa: The Rise - Part 1
12233,Oliver & Company
422,8½
338958,Disenchanted
109431,Identity Thief
1587,What's Eating Gilbert Grape
823482,Dream Scenario
617126,The Fantastic Four: First Steps
1294947,Déjame estar contigo
121514,Miracolo italiano
840,Close Encounters of the Third Kind
406997,Wonder
9571,Dazed and Confused
9273,Ace Ventura: When Nature Calls
1058694,Radical
817758,TÁR
314365,Spotlight
11001,Blue Streak
10360,Hunger
9353,Nacho Libre
691,The Spy Who Loved Me
453755,Arctic
49797,I Saw the Devil
238215,The Cobbler
193756,Lone Survivor
39451,Little Fockers
8699,Anchorman: The Legend of Ron Burgundy
1001249,The Victoria System
225574,Non-Stop
71,Billy Elliot
1001248,In the Nguyen Kitchen
136797,Need for Speed
9631,The Negotiator
116,Match Point
11954,Lifeforce
9344,Kids
11474,The Warriors
4944,Burn After Reading
1128650,The Prosecutor
49520,The Change-Up
9394,They Call Me Trinity
6075,Carlito's Way
1817,Phone Booth
681,Diamonds Are Forever
638,Lost Highway
397243,The Autopsy of Jane Doe
9882,The Siege
108,Three Colors: Blue
1073382,清宫性史3之名妓风流
83666,Moonrise Kingdom
310307,The Founder
267860,London Has Fallen
15472,The Girl with the Dragon Tattoo
999644,You Are So Not Invited to My Bat Mitzvah
245,About a Boy
1221451,Salawahan
485942,Batman Ninja
9728,Friday the 13th Part III
9618,Tango & Cash
9473,"South Park: Bigger, Longer & Uncut"
306819,The Danish Girl
3021,1408
817,Austin Powers: The Spy Who Shagged Me
119283,Parker
376659,Bad Moms
37797,Whisper of the Heart
15969,The Return of Jafar
7978,The Wolfman
870028,The Accountant 2
37094,Falling Down
1452,Superman Returns
153518,The Angry Birds Movie
699,For Your Eyes Only
490,The Seventh Seal
320,Insomnia
823951,November
783110,Smugglers
11838,Ju-on: The Grudge
2001,We Own the Night
21484,Possession
17431,Moon
13027,Eagle Eye
914,The Great Dictator
122126,The Concubine
87502,Flight
1428,Once Upon a Time in Mexico
268531,Captain Underpants: The First Epic Movie
258489,The Legend of Tarzan
5528,The Chorus
877269,Strange World
9494,Look Who's Talking
4513,30 Days of Night
338,"Good Bye, Lenin!"
1210732,How to Make a Killing
768362,Missing
614696,#Alive
429197,Vice
7453,The Hitchhiker's Guide to the Galaxy
504949,The King
107397,Nathalie: Escape from Hell
819876,Crimes of the Future
12594,Wishmaster 2: Evil Never Dies
826,The Bridge on the River Kwai
994108,All of Us Strangers
600354,The Father
167,K-PAX
1093995,Chief of Station
11644,Blow Out
1163258,12th Fail
389015,"I, Tonya"
387,Das Boot
279,Amadeus
894205,Werewolf by Night
763285,Ambulance
115290,Blue Lagoon: The Awakening
10957,The Black Cauldron
1059372,Dear David
415842,American Assassin
346910,The Predator
399170,Logan Lucky
375794,"No manches, Frida"
160413,Boy of Two Worlds
13342,Fast Times at Ridgemont High
976830,The Deep Dark
44826,Hugo
33909,Wall Street: Money Never Sleeps
13809,RocknRolla
11917,Saw V
1011477,Karate Kid: Legends
556678,Emma.
363676,Sully
423204,Angel Has Fallen
423204,Angel Has Fallen
420821,Chip 'n Dale: Rescue Rangers
246741,What We Do in the Shadows
1281,Bean
603661,The Hating Game
9392,The Descent
709,Licence to Kill
649609,Renfield
314095,The Lost City of Z
9386,In the Line of Fire
974931,Totally Killer
488143,Laboratory Conditions
283566,Evangelion: 3.0+1.0 Thrice Upon a Time
11453,Deuce Bigalow: European Gigolo
666,Central Station
59,A History of Violence
1040148,"Ruby Gillman, Teenage Kraken"
724209,Heart of Stone
667739,The Man from Toronto
506574,Descendants 3
479455,Men in Black: International
399905,Female War: A Nasty Deal
619778,Malignant
9384,Starsky & Hutch
9336,Police Academy
76,Before Sunrise
40805,The Green Hornet
9348,Species
8645,The Happening
150,48 Hrs.
800510,Kimi
664469,Amsterdam
223702,Sausage Party
110,Three Colors: Red
3782,Ikiru
402,Basic Instinct
1125311,Imaginary
646389,Plane
441130,Wolfwalkers
315011,Shin Godzilla
51828,One Day
890980,God's Crooked Lines
402900,Ocean's Eight
23398,Alvin and the Chipmunks: The Squeakquel
19959,Surrogates
8848,The Bank Job
1358752,Skinford 2: The Curse
1017163,The Roundup: Punishment
51876,Limitless
21531,Barking Dogs Never Bite
179144,The Great Beauty
196,Back to the Future Part III
959098,Autumn and the Black Jaguar
766836,"Son's Girlfriend, Daddy's Girlfriend"
405774,Bird Box
287903,Krampus
270487,"Hail, Caesar!"
242095,The Signal
13004,Barbie and the Diamond Castle
41513,The Smurfs
12133,Step Brothers
1158915,Dìdi (弟弟)
411088,The Invisible Guest
10660,It Could Happen to You
214,Saw III
1064375,Paradox Effect
660,Thunderball
616747,Haunted Mansion
511809,West Side Story
89492,This Is 40
17111,Shutter
3600,I Still Know What You Did Last Summer
290,Barton Fink
502033,Sound of Metal
294963,Bone Tomahawk
46529,I Am Number Four
44639,Inside Job
10147,Bad Santa
4836,Layer Cake
1992,Planet Terror
569547,Black Mirror: Bandersnatch
14537,Harakiri
11011,Ri¢hie Ri¢h
296099,Vacation
85350,Boyhood
3034,Young Frankenstein
160588,Blue Jasmine
62213,Dark Shadows
1032425,The Dead Don't Hurt
832502,The Monkey King
379149,The Foreigner
703,Annie Hall
109,Three Colors: White
77174,ParaNorman
412656,Chaos Walking
75638,Red Lights
55580,P.O. Box Tinto Brass
5876,The Mist
4858,The Invasion
1710,Copycat
1710,Copycat
650,Boyz n the Hood
575813,Better Days
88794,J. Edgar
7220,The Punisher
768,From Hell
752623,The Lost City
72387,Safe
65086,The Woman in Black
47327,Drive Angry
23742,Cop Out
13398,Tokyo Godfathers
303,Notorious
345938,The Shack
11044,Arizona Dream
587792,Palm Springs
570670,The Invisible Man
9421,The Dinner Game
999590,Off the Rails
860159,Crush
375262,The Favourite
340837,A Cure for Wellness
10065,The Amityville Horror
9637,Scooby-Doo
844,2046
535167,The Wandering Earth
9064,Hellbound: Hellraiser II
863873,Caddo Lake
103747,The Angels' Share
492008,The Swordsman
10201,Yes Man
10027,Unleashed
8487,Wild Wild West
635,Angel Heart
77016,End of Watch
71157,Polisse
9982,Chicken Little
559907,The Green Knight
53182,300: Rise of an Empire
16620,La Bamba
652837,"Josee, the Tiger and the Fish"
356305,Why Him?
23048,Hot Tub Time Machine
11258,Hard Rain
10796,The One
559969,El Camino: A Breaking Bad Movie
519010,Pain and Glory
123553,The Mortal Instruments: City of Bones
9890,The Stepford Wives
80,Before Sunset
1443207,Visitor
512196,Happy Death Day 2U
83389,From Up on Poppy Hill
58595,Snow White and the Huntsman
24657,The Sacrifice
11601,Stir of Echoes
9645,Ghost Ship
623491,The Babysitter: Killer Queen
22894,Legion
9562,Timeline
381283,mother!
347754,Curve
296524,Deepwater Horizon
10795,Tell No One
8656,Deep Impact
1008409,The Bikeriders
354857,Regular Show: The Movie
332210,Storks
8536,Superman II
935,Dr. Strangelove or: How I Learned to Stop Worrying and Love the Bomb
870360,The Day the Earth Blew Up: A Looney Tunes Movie
625450,Tall Girl
49494,The Eagle
9272,The Good Son
624,Easy Rider
519465,Queen of Hearts
43947,I Spit on Your Grave
11216,Cinema Paradiso
9350,Cliffhanger
277558,Final Girl
3580,Changeling
82520,Return
76494,What to Expect When You're Expecting
13179,Tinker Bell
10885,Shutter
10685,The Watcher
13700,Home on the Range
11531,Book of Shadows: Blair Witch 2
6171,Dreamcatcher
5279,Gosford Park
722261,Kissed
9461,Enter the Dragon
7461,Vantage Point
215,Saw II
16995,State of Play
1586,Secret Window
1255795,Putin
809140,Father Stu
9277,The Sting
938008,The Killer
555285,"Are You There God? It's Me, Margaret."
87516,Oldboy
18148,Tokyo Story
12201,Edge of Darkness
10234,Funny Games
11439,The Ghost Writer
1140648,Double Blind
830764,Pet Sematary: Bloodlines
357953,Return
9718,Talladega Nights: The Ballad of Ricky Bobby
8069,Barbarella
4771,Gone Baby Gone
197950,The Connection
12163,The Wrestler
7459,Speed Racer
144,Wings of Desire
300673,The Finest Hours
199,Star Trek: First Contact
506528,Harriet
173185,It Boy
173185,It Boy
50544,Friends with Benefits
2320,Executive Decision
2309,Inkheart
774741,Diary of a Wimpy Kid
592834,My Spy
330764,The Brand New Testament
25475,Tinker Bell and the Lost Treasure
21542,Love Don't Co$t a Thing
15947,The Three Caballeros
13596,My Best Friend's Girl
411840,Surf's Up 2: WaveMania
105397,Daughter of Darkness 2
94329,The Raid
243,High Fidelity
404378,A Street Cat Named Bob
82700,After Earth
140420,Paperman
5516,The Ladykillers
4547,Panic Room
55,Amores Perros
36819,Time Bandits
967941,Wicked: For Good
698948,Thirteen Lives
455980,Tag
10313,The Men Who Stare at Goats
9989,Antitrust
9731,Friday the 13th: A New Beginning
6964,Something's Gotta Give
219,Volver
632856,Spirited
615469,Spiderhead
105814,The Imp
599,Sunset Boulevard
440472,The Upside
87093,Big Eyes
53487,This Must Be the Place
27576,Salt
7518,Over the Hedge
2056,The Station Agent
653349,Vacation Friends
243940,The Lazarus Effect
52212,Miranda
46146,Troll Hunter
39781,The Kids Are All Right
15588,OSS 117: Lost in Rio
1002155,Monsieur Aznavour
420808,Peter Pan & Wendy
398929,Alibi.com
262551,Babysitting
112198,What's in a Name
49948,Fantasia 2000
13151,Scooby-Doo on Zombie Island
1108427,Moana
754609,Mrs. Harris Goes to Paris
542830,Little White Lies 2
371645,Hunt for the Wilderpeople
694943,Pizza Dare 1
85889,Filth
11618,The Haunting
10086,Man Bites Dog
9676,The Black Dahlia
89899,The Players
86829,Inside Llewyn Davis
68727,Trance
3176,Battle Royale
847,Willow
323020,Bis
5723,Once
3093,Basic Instinct 2
1389354,Eject
11674,101 Dalmatians
10362,Two Lovers
1421801,Sealed Video 75: Hina Dolls
1421797,Shin Kaishaku Banchō Sarayashiki - Okiku-dera: Nen no Shō
1421794,Requiem: The Song of the Soul's Rest
1399244,Simon Talbot: Ekstra Extra
324668,Jason Bourne
16938,Black Christmas
109451,Cloudy with a Chance of Meatballs 2
52449,Bad Teacher
14577,Dirty Work
534643,Tabu
515248,Someone Great
491418,Instant Family
1965,A Perfect Murder
319,True Romance
1421789,Psychic Darkness Video 97
1421786,Psychic Manjara 50
1421783,Kyōfu Jitsuroku: Ibitsu - Kanzen Hatsukaikin Norowareta Tōkō Eizō 10
1421777,Curse Box: 10 Never-Before-Seen Videos of Sealed Vengeful Spirits
338967,Zombieland: Double Tap
71859,We Need to Talk About Kevin
14646,Family Resemblances
1431179,Posted Grudge Spirit Footage Vol.118: Escape Edition
1428008,Blackout
1425810,Peacock
694919,Money Plane
342878,One Wild Moment
19901,Daybreakers
1434014,Never Fully Naked
1434012,KATALIPSI
1235499,The Last Showgirl
680593,The Dark and the Wicked
481848,The Call of the Wild
455207,Crazy Rich Asians
97630,Zero Dark Thirty
17467,Riki-Oh: The Story of Ricky
11212,Baby's Day Out
11064,Brewster's Millions
9675,Sideways
1440845,Portuali
9662,The Triplets of Belleville
16,Dancer in the Dark
1441129,who's there?
844409,The Unlikely Pilgrimage of Harold Fry
424781,Sorry to Bother You
371638,The Disaster Artist
36593,Naked Gun 33⅓: The Final Insult
8193,Napoleon Dynamite
882059,Boy Kills World
581734,Nomadland
4824,The Jackal
579828,Superdeep
65754,The Girl with the Dragon Tattoo
12493,High and Low
2288,Closer
1278,The Dreamers
431530,A Bad Moms Christmas
142061,"Batman: The Dark Knight Returns, Part 2"
1442057,Molotov cocktail
800497,Werewolves Within
14306,Marley & Me
1207830,Gracie & Pedro: Pets to the Rescue
435577,The 12th Man
107846,Escape Plan
9804,Waterworld
829280,Enola Holmes 2
9570,The Black Hole
39356,Boy
74308,Detachment
13888,Return to the Blue Lagoon
12205,Dark Water
10414,The Mighty Ducks
550205,Wish Dragon
531454,Eurovision Song Contest: The Story of Fire Saga
234200,Pride
15916,Angel's Egg
626,Un Chien Andalou
680860,I Want You Back
645689,The Duke
430231,The Endless
109428,Evil Dead
10676,Halloween III: Season of the Witch
846867,Mad God
720321,Breathe
516632,The Empty Man
11639,The Dark Crystal
8882,Gomorrah
4437,2010
4437,2010
2758,Addams Family Values
159117,V/H/S/2
1891,The Empire Strikes Back
306,Beverly Hills Cop III
1014590,Upgraded
961323,Nimona
491926,Resistance
405177,"Where'd You Go, Bernadette"
97370,Under the Skin
64720,Take Shelter
20453,3 Idiots
9598,Babe
9550,House of Flying Daggers
1281826,One Fast Move
1063879,Infested
143477,Deep Throat in Tokyo
41630,No Strings Attached
1975,The Grudge 2
324849,The Lego Batman Movie
9101,Down Periscope
602734,Spiral: From the Book of Saw
10363,Purple Noon
9902,Wrong Turn
9769,Lolita
9708,The Wicker Man
1443306,Desert Lone Hero
1443141,Homo Urbanus Lisboetus
10768,The Final Conflict
1700,Misery
1443530,Frederik Birk: Brøndbys nye chef
429351,12 Strong
17581,Naruto Shippuden the Movie: Bonds
10214,Son of the Mask
1367,Rocky II
797,Persona
272692,The Possession of Michael King
258509,Alvin and the Chipmunks: The Road Chip
802,Lolita
1309923,Non Negotiable
452015,Psychokinesis
1406,City Slickers
250219,I Can Quit Whenever I Want
201,Star Trek: Nemesis
515818,Yao
4946,The Swimming Pool
37710,The Tourist
17689,The Gauntlet
13002,Barbie in the 12 Dancing Princesses
9702,Bound by Honor
15360,The Night Stalker
14510,From Beyond
10999,Commando
807339,Apartment 7A
369972,First Man
16555,Daddy's Little Girls
10013,Peggy Sue Got Married
84892,The Perks of Being a Wallflower
59961,Safe House
17792,Omen IV: The Awakening
340,Everything Is Illuminated
2,Ariel
705996,Decision to Leave
433808,The Ritual
269955,Obsessed
9060,Dumplings
2640,Heathers
1903,Vanilla Sky
615677,We Can Be Heroes
10539,James and the Giant Peach
888,The Flintstones
399361,Triple Frontier
17962,After Life
1209288,Justice League: Crisis on Infinite Earths Part Two
502425,Escape from Pretoria
47763,The Shrine
25468,My Dinner with Andre
11580,Don Camillo: Monsignor
11366,Uzumaki
930600,The Deliverance
758679,Mothers' Instinct
15256,200 Cigarettes
980026,The Promised Land
850888,Sayen: The Huntress
13912,Horse Feathers
564147,K.G.F: Chapter 1
37834,Knight and Day
1308821,First Taste
82507,Sinister
2280,Big
298250,Jigsaw
544,There's Something About Mary
627725,The Banker
624091,Sri Asih
373569,Snatched
9535,Analyze This
1118224,Maharaja
9408,Surf's Up
9475,Scent of a Woman
416494,Status Update
16871,Drag Me to Hell
1089,Point Break
968,Dog Day Afternoon
1262983,MadS
638974,Murder Mystery 2
10741,Bobby
8839,Casper
5925,The Great Escape
4552,A Tale of Two Sisters
2024,The Patriot
57201,The Lone Ranger
9874,Cobra
8195,Ronin
989596,The Braid
301518,The High Pressures
1892,Return of the Jedi
8386,How High
10851,Revolver
165,Back to the Future Part II
69,Walk the Line
69,Walk the Line
80794,Daughter of Darkness
63193,Front of the Class
11283,Nanny McPhee
576845,Last Night in Soho
428449,A Ghost Story
347031,Swiss Army Man
660120,The Worst Person in the World
454527,Benedetta
325348,Hardcore Henry
76493,The Dictator
11820,Mona Lisa Smile
2977,Becoming Jane
612,Munich
1443658,Trainsmoking
1443630,Feverish
1443431,Million Dollar Extreme Presents: ALEX-BOT: A Stand-Up Special By Alex Schultz
864370,Incantation
744857,When Evil Lurks
693158,Proximity
37247,The Graduate
688,The Bridges of Madison County
36643,The World Is Not Enough
617502,Jolt
59962,This Means War
1102938,Jim's Story
9029,What Happens in Vegas
360784,Hidden
1791,The Piano Teacher
10054,Spy Kids
779816,White Bird
12244,9
1051,The French Connection
1480,Touch of Evil
619730,Don't Worry Darling
44048,Unstoppable
38167,Eat Pray Love
325358,Superfast!
132363,The Butler
51608,The Man from Nowhere
51608,The Man from Nowhere
10047,The Messenger: The Story of Joan of Arc
22881,The Blind Side
1296753,Remnant
479718,The Outlaws
334533,Captain Fantastic
129533,Barbie: The Princess & the Popstar
28574,Violence in a Women's Prison
11459,Sky High
36728,Naruto Shippuden the Movie: The Will of Fire
10202,Bedtime Stories
8009,Highlander
1371,Rocky III
1360,Frida
80278,The Impossible
75624,Naruto Shippuden the Movie: Blood Prison
11069,Tremors 2: Aftershocks
9800,Philadelphia
50348,The Lincoln Lawyer
45139,Jesus
913,The Thomas Crown Affair
59859,Kick-Ass 2
37735,Easy A
2310,Beowulf
107257,A Perfect Ending
26973,Pretty Baby
10715,Looney Tunes: Back in Action
2623,An Officer and a Gentleman
1073380,清宫性史1之无能皇帝
906126,Society of the Snow
614917,King Richard
40156,Priest
6068,Six Days Seven Nights
1154762,His Three Daughters
8913,Pet Sematary
1214509,In a Violent Nature
1028703,The OctoGames
419680,Daddy's Home 2
1064307,Spermageddon
1014661,House of Spoils
812225,Black Clover: Sword of the Wizard King
58233,Johnny English Reborn
542178,The French Dispatch
250574,Creep
8963,Crimson Tide
503,Poseidon
333385,Mr. Right
12106,The Quick and the Dead
8845,Under Siege
2270,Stardust
614479,Insidious: The Red Door
76649,Pompeii
13417,Kronk's New Groove
1181011,Amal
1118028,The Red Virgin
409582,7 Guardians of the Tomb
63197,Megan Is Missing
55846,Blitz
41216,Legend of the Guardians: The Owls of Ga'Hoole
207768,I Spit on Your Grave 2
176241,Prison Break: The Final Break
74078,Scars
4133,Blow
1370,Rambo III
899112,Violent Night
328387,Nerve
353070,Going in Style
943,Lethal Weapon 3
9472,DodgeBall: A True Underdog Story
643215,Asterix & Obelix: The Middle Kingdom
593910,Cinderella
511987,Crawl
10222,Kickboxer
1087388,Sting
11551,Small Soldiers
1051891,Thelma
709631,Cobweb
82654,Warm Bodies
38745,Gulliver's Travels
27579,The American
10495,The Karate Kid Part III
4108,The Transporter
786,Almost Famous
996154,Black Lotus
499726,MILF
77931,The Smurfs 2
11113,My Fair Lady
10159,The Rundown
10022,The Pacifier
8065,21
853,Enemy at the Gates
755566,Day Shift
592350,My Hero Academia: Heroes Rising
347626,He's All That
168530,Ride Along
37169,The Human Centipede (First Sequence)
10167,Half Past Dead
550776,Believe Me: The Abduction of Lisa McVey
305470,Power Rangers
149870,The Wind Rises
68882,Strange Occasion
2140,Kiss of the Dragon
64,Talk to Her
1083862,Resident Evil: Death Island
172385,Rio 2
862965,Emily the Criminal
760741,Beast
364689,Ferdinand
696806,The Adam Project
517093,Balkan Line
166424,Fantastic Four
64635,Total Recall
60898,Erotic Ghost Story
11621,Porco Rosso
11045,Taxi
521029,Annabelle Comes Home
38142,5 Centimeters per Second
10950,I Am Sam
615904,Marry Me
387426,Okja
387426,Okja
73456,Barbie: Princess Charm School
795,City of Angels
1239146,Woody Woodpecker Goes to Camp
291870,Dirty Grandpa
15070,Undisputed
1825,Over the Top
200085,The Flu
179826,Odd Thomas
945675,One Week Friends
9038,The Heartbreak Kid
9003,Hellraiser
7445,Brothers
1136394,An Ordinary Case
718014,Hold Your Breath
591120,The Pirates: The Last Royal Treasure
346672,Underworld: Blood Wars
70435,Haywire
37958,Immortals
8922,Jeepers Creepers
714,Tomorrow Never Dies
369196,I Spit on Your Grave: Déjà Vu
502416,Ma
266856,The Theory of Everything
11906,Suspiria
10647,Pay It Forward
36225,Oxen Split Torturing
571891,Pokémon the Movie: Mewtwo Strikes Back - Evolution
116776,Dragon Ball: Mystical Adventure
2057,Original Sin
1328814,Amityville: Where the Echo Lives
585245,Clifford the Big Red Dog
201550,Life of a King
34544,The A-Team
10336,Spawn
967,Spartacus
626735,Dog
36670,Never Say Never Again
399404,Darkest Hour
5966,Along Came Polly
556984,The Trial of the Chicago 7
9947,Elektra
1025596,Blood for Dust
80389,Get the Gringo
77805,Lovelace
59861,Larry Crowne
8346,My Big Fat Greek Wedding
402897,The Death of Stalin
302429,Strange Magic
157433,Pet Sematary
10019,Mannequin
1016346,MR-9: Do or Die
989937,The Seven Deadly Sins: Grudge of Edinburgh Part 1
59108,Tower Heist
22164,Blood and Bone
12589,Jimmy Neutron: Boy Genius
8393,The Gods Must Be Crazy
2539,Spanglish
1904,Memoirs of a Geisha
1429,25th Hour
2163,Breakdown
818397,Memory
515195,Yesterday
51739,The Secret World of Arrietty
23631,Machete
20766,The Road
9714,Home Alone 3
8286,The Unfaithful Wife
763329,Red Rocket
426814,The Domestics
82682,Gangster Squad
64689,Killing Them Softly
460846,Security
262391,Serial (Bad) Weddings
10474,The Basketball Diaries
4147,Road to Perdition
799876,The Outfit
437557,Blockers
13207,Friday the 13th
10775,Infernal Affairs
6404,Nosferatu the Vampyre
2289,Cold Mountain
39107,Dragon Ball Z: Fusion Reborn
9879,Striptease
2619,Splash
2428,The Greatest Story Ever Told
2291,Jacob's Ladder
334,Magnolia
1064835,The Seven Deadly Sins: Grudge of Edinburgh Part 2
265712,Stand by Me Doraemon
257091,Get Hard
9767,The Break-Up
540901,Hustlers
536115,Godzilla: The Planet Eater
212778,Chef
59965,Abduction
6145,Fracture
2069,The Whole Nine Yards
974036,Ordinary Angels
13649,High School Musical 2
13649,High School Musical 2
10497,Bitter Moon
10330,Freaky Friday
10303,The Jewel of the Nile
9870,Forgetting Sarah Marshall
667520,A Whisker Away
21385,"Mickey, Donald, Goofy: The Three Musketeers"
1900,Traffic
836009,Against the Ice
605722,Distant
301502,Blonde
333669,Bastille Day
316023,Mike and Dave Need Wedding Dates
137094,Jack Ryan: Shadow Recruit
71186,The Rifleman of the Voroshilov Regiment
24238,Mary and Max
1161108,The Second Act
820232,Demon Slayer: Kimetsu no Yaiba - Sibling's Bond
628704,Midnight
520023,Bodies Bodies Bodies
48138,Unknown
1002088,Mission: Cross
876792,That Time I Got Reincarnated as a Slime the Movie: Scarlet Bond
610150,Dragon Ball Super: Super Hero
497828,Triangle of Sadness
10316,The Ides of March
4808,Charade
2976,Hairspray
413846,1992
33217,Diary of a Wimpy Kid
626412,Alienoid: Return to the Future
205775,In the Heart of the Sea
11451,Herbie Fully Loaded
9530,RV
718032,Licorice Pizza
234072,Apartment Wife: Scent of a Woman
10982,Hoodwinked!
1105407,Damaged
736526,Troll
139563,Policewoman
43539,The Next Three Days
41210,The Switch
1592,Primal Fear
593,Solaris
1443869,CIELO
912908,Strays
465136,Every Day
399366,Marrowbone
109689,I Want You
16907,Naruto the Movie: Ninja Clash in the Land of Snow
1642,The Net
19,Metropolis
1026999,Kleks Academy
943134,The Animal Kingdom
400090,The Nightingale
325133,Neighbors 2: Sorority Rising
11017,Billy Madison
966,The Magnificent Seven
1076364,Carl's Date
419835,Crooked House
419835,Crooked House
348678,A Man Called Ove
313297,Kubo and the Two Strings
9279,Jingle All the Way
8068,Desperado
2486,Eragon
1059064,The Instigators
635910,The Last Voyage of the Demeter
43949,Flipped
11327,Midnight Express
766,Army of Darkness
1027073,In the Land of Saints and Sinners
995133,"The Boy, the Mole, the Fox and the Horse"
843416,Daddio
522016,The 355
227306,Unbroken
157353,Transcendence
1273,TMNT
179,The Interpreter
964877,Meet the Leroys
532639,Pinocchio
480414,The Curse of La Llorona
37430,Conan the Barbarian
11975,The Rainmaker
10066,House of Wax
8984,Disclosure
1656,The Legend of Zorro
790462,I.S.S.
573531,Halo Legends
152760,The Monuments Men
56141,Sotto Sotto
14926,Uptown Girls
6519,The Dukes of Hazzard
526,Ladyhawke
1297763,Batman Ninja vs. Yakuza League
280002,The Remaining
14854,Lone Wolf McQuade
9792,The Hills Have Eyes
7984,In the Name of the Father
7350,The Bucket List
957,Spaceballs
1212073,Sixty Minutes
745881,The Medium
611014,Foxter and Max
263109,Shaun the Sheep Movie
19898,Pandorum
10734,Escape from Alcatraz
10083,No Way Out
718789,Lightyear
9319,The Last Boy Scout
2330,Taxi
2277,Bicentennial Man
1880,Red Dawn
379,Miller's Crossing
487616,Curiosa
44943,Battle: Los Angeles
18925,Facing the Giants
13401,The Accidental Husband
9453,Caligula
7840,"10,000 BC"
1164,Babel
359246,Hell House LLC
193551,All of a Sudden
30018,Mother
9739,Demolition Man
601666,I Care a Lot
580175,Another Round
80274,Ender's Game
10637,Remember the Titans
10139,Milk
6003,Romeo and Juliet
747188,Asteroid City
484718,Coming 2 America
14620,The Butterfly Effect 2
1308757,Dead Sea
1300962,The Beast Within
886083,Deadstream
667216,Infinity Pool
463821,The House with a Clock in Its Walls
26022,My Name Is Khan
26022,My Name Is Khan
9441,Stepmom
1213,The Talented Mr. Ripley
916,Bullitt
605116,Project Power
551271,Medieval
539681,DC League of Super-Pets
136400,2 Guns
8741,The Thin Red Line
1172648,Blame the Game
774531,Young Woman and the Sea
463272,Johnny English Strikes Again
458423,Mamma Mia! Here We Go Again
331313,Keeping Up with the Joneses
222935,The Fault in Our Stars
127380,Finding Dory
15373,Role Models
10648,Magnum Force
4958,The Legend of Bagger Vance
1690,Hostel
43347,Love & Other Drugs
12113,Body of Lies
1887,Marie Antoinette
1844,Entrapment
960033,Marguerite's Theorem
523607,Maestro
504253,I Want to Eat Your Pancreas
458576,Monster Hunter
290512,The Mountain Between Us
200505,Draft Day
4477,The Devil's Own
862551,Me Time
14029,Demons
12096,The Pink Panther
9529,Candyman
9587,Little Women
1647,The Recruit
783675,The First Slam Dunk
525661,Bombshell
341013,Atomic Blonde
11528,The Sandlot
944,Lethal Weapon 4
599975,Countdown
487558,BlacKkKlansman
453405,Gemini Man
345920,Collateral Beauty
137093,Last Vegas
12481,The Big Boss
11775,Intolerable Cruelty
8390,"Definitely, Maybe"
7735,The Wave
484247,A Simple Favor
344268,The New Adventures of Aladdin
17610,Year One
13051,Max Payne
9100,The Craft
4970,Gothika
796499,Army of Thieves
591274,Fear Street: 1978
440597,Wish Upon
440597,Wish Upon
353616,Pitch Perfect 3
11687,The Visitors
9486,Johnny English
37933,Tales from Earthsea
17918,Swamp Thing
13691,Piglet's Big Movie
6620,Sabrina
1251,Letters from Iwo Jima
654,On the Waterfront
961268,Ballerina
637920,Miracle in Cell No. 7
556694,Three Thousand Years of Longing
385103,Scoob!
13283,Barbie as the Island Princess
9569,Hard to Kill
907,Doctor Zhivago
932420,Code 8 Part II
895959,Float
760883,Blood Red Sky
565028,Candyman
429733,Mayhem
296065,Last Shift
188207,The Legend of Hercules
146238,Runner Runner
10377,My Cousin Vinny
582,The Lives of Others
1444076,CE QUE L'ON TAIT
1443892,solitude
1443827,Piada de mal gosto
224141,Into the Woods
77866,Contraband
14035,Meatballs
12536,Home Alone 4
11238,Aladdin and the King of Thieves
10242,What Ever Happened to Baby Jane?
4478,Indecent Proposal
241,Natural Born Killers
843847,Jerry & Marge Go Large
833339,Speak No Evil
294272,Pete's Dragon
107985,The World's End
60599,Arbitrage
50456,Hanna
7520,Cocktail
6978,Big Trouble in Little China
6282,Coyote Ugly
1381,The Fountain
172,Star Trek V: The Final Frontier
1433719,High Ground
581600,Spenser Confidential
559581,Stowaway
268896,Pacific Rim: Uprising
50647,Wanderlust
10837,DuckTales: The Movie - Treasure of the Lost Lamp
8337,They Live
1000492,All Your Faces
739547,Thelma the Unicorn
29845,A Woman Under the Influence
11232,Kate & Leopold
9726,A Good Year
9691,Assassins
859,Dangerous Liaisons
1125899,Cleaner
1024127,King of Killers
718444,Rogue
517814,Capernaum
470044,The Hate U Give
466081,The Informer
49021,Killer Elite
39323,Dragon Ball Z: Bardock - The Father of Goku
23047,Season of the Witch
15567,Stitch! The Movie
11649,Masters of the Universe
10952,New Jack City
8326,Holes
2026,Hostage
839369,May December
581032,News of the World
201085,Crimson Peak
11449,The Amityville Horror
843617,Players
724495,The Woman King
591273,Fear Street: 1994
146216,RED 2
82633,Lawless
13654,101 Dalmatians II: Patch's London Adventure
11852,The Hot Chick
9367,El Mariachi
1535,Spy Game
1443695,Eyes Everywhere
1439890,Bert Kreischer: Lucky
417678,"Everything, Everything"
400106,Bright
136418,Hummingbird
15596,Back to School
9488,Spy Kids 2: The Island of Lost Dreams
9341,The Core
1439837,The Last Goodbye
1435057,Sacrum and Profanum in Pievenai
1435057,Sacrum and Profanum in Pievenai
1216452,Lucky Winners
1046090,"The Pig, the Snake and the Pigeon"
852445,Acid
798021,Family Switch
639721,The Addams Family 2
484641,Anna
484468,The Wolf's Call
381341,Perfect Strangers
18269,Lady and the Tramp II: Scamp's Adventure
11575,The Great Race
10669,Deliverance
9320,The Avengers
9268,Eraser
4561,The Story of O
1090,The Thirteenth Floor
727745,The Kissing Booth 3
582596,The Wrong Missy
442249,The First Purge
437068,A Taxi Driver
